campaign,case,p,triangles,trace_dofs,candidate,status,mean_ms,min_ms,max_ms,iterations,setup_ms,fresh_ms,amortized_ms,residual,l2,failure_iterations,failure_residual
adr_oscillatory_screen_20260918,advection_dominated,4,2048,15040,dilu_pbicgstab,passed,10.348057490773499,10.26788994204253,10.428225039504468,40,29.294540465343744,39.536404015962034,24.942230753367767,8.642716467281311e-13,4.7414586158294416e-08,,
adr_oscillatory_screen_20260918,advection_dominated,4,2048,15040,amg_fgmres,passed,33.88341702520847,33.78072299528867,33.986111055128276,22,59.435996518004686,93.10996148269624,63.496689253952354,3.917918115981619e-12,4.74145916689609e-08,,
adr_oscillatory_screen_20260918,advection_dominated,4,2048,15040,asm_d24,passed,9.640480508096516,9.16998100001365,10.110980016179383,8,30.099369992967695,40.29505146900192,24.967765988549218,7.565762096706538e-13,4.741459193561454e-08,,
adr_oscillatory_screen_20260918,advection_dominated,4,2048,15040,amg_pbicgstab,passed,39.836214506067336,39.803507970646024,39.86892104148865,14,63.53419797960669,105.49017047742382,72.66319249174558,5.303792717363943e-12,4.741458521737762e-08,,
adr_oscillatory_screen_20260918,oscillatory_rhs,4,2048,15040,dilu_pbicgstab,passed,10.50063397269696,8.698086021468043,12.303181923925877,39,29.499807977117598,38.5668434901163,24.53373873140663,9.336597624702998e-12,0.0012903761678927557,,
adr_oscillatory_screen_20260918,oscillatory_rhs,4,2048,15040,amg_fgmres,passed,33.7544854846783,33.68496196344495,33.82400900591165,22,60.8739634626545,94.5133349741809,64.1339102294296,3.828783475750399e-12,0.00129037616786361,,
adr_oscillatory_screen_20260918,oscillatory_rhs,4,2048,15040,asm_d24,passed,8.807349484413862,8.536336943507195,9.07836202532053,8,27.53958449466154,37.09718195023015,22.952265717322007,6.28770896003882e-13,0.0012903761678690305,,
adr_oscillatory_screen_20260918,oscillatory_rhs,4,2048,15040,amg_pbicgstab,passed,38.27545850072056,37.96972404234111,38.58119295910001,14,62.12725804653019,99.84149161027744,69.058475055499,2.31577096020292e-12,0.0012903761678742026,,
adr_oscillatory_screen_20260918,cellular4,4,2048,15040,dilu_pbicgstab,passed,24.353378044907004,24.341547046788037,24.36520904302597,111,30.630694003775716,55.68444053642452,40.01890929066576,9.586203580398758e-12,0.0015316106844456589,,
adr_oscillatory_screen_20260918,cellular4,4,2048,15040,amg_fgmres,passed,71.71044795541093,70.32732595689595,73.09356995392591,36,66.9859210611321,135.00549108721316,103.35796952131204,7.569895024459101e-12,0.0015316106819445044,,
adr_oscillatory_screen_20260918,cellular4,4,2048,15040,asm_d24,passed,15.755451517179608,14.200192992575467,17.31071004178375,15,31.866322504356503,46.54494347050786,31.150197493843734,5.536120990690491e-13,0.0015316106818627478,,
adr_oscillatory_screen_20260918,cellular4,4,2048,15040,amg_pbicgstab,passed,69.70948749221861,69.23005101270974,70.18892397172749,20,65.79505297122523,133.86941695353016,101.78945222287439,5.989491772443933e-12,0.0015316106822231537,,
adr_oscillatory_screen_20260918,cellular7,4,2048,15040,dilu_pbicgstab,passed,22.64080150052905,22.272099973633885,23.009503027424216,83,31.45497851073742,49.98050205176696,36.310651776148006,8.256343394102934e-12,0.0018418089076775506,,
adr_oscillatory_screen_20260918,cellular7,4,2048,15040,amg_fgmres,passed,72.24572298582643,71.68368494603783,72.80776102561504,38,68.59055696986616,140.25205047801137,106.2488867319189,8.148346132646593e-12,0.0018418089030623498,,
adr_oscillatory_screen_20260918,cellular7,4,2048,15040,asm_d24,passed,14.764729945454746,12.952444958500564,16.57701493240893,13,30.015613476280123,44.37680746195838,29.570768703706563,2.1121404012239458e-13,0.0018418089049903569,,
adr_oscillatory_screen_20260918,cellular7,4,2048,15040,amg_pbicgstab,passed,70.17316052224487,70.12206397484988,70.22425706963986,22,68.93835245864466,139.63971694465727,104.90643873345107,9.790965118064596e-12,0.0018418089026521233,,
adr_oscillatory_screen_20260918,cellular7_low,4,2048,15040,dilu_pbicgstab,passed,34.094459493644536,33.247797982767224,34.94112100452185,128,31.770437431987375,62.16101994505152,48.12773971934803,7.281853581357157e-12,0.0035816835009635914,,
adr_oscillatory_screen_20260918,cellular7_low,4,2048,15040,amg_fgmres,passed,259.5545864896849,259.03888198081404,260.0702909985557,123,70.15587901696563,334.84616404166445,297.20037526567467,7.45737946560683e-12,0.003581683493496172,,
adr_oscillatory_screen_20260918,cellular7_low,4,2048,15040,asm_d24,passed,22.474584984593093,18.612745916470885,26.3364240527153,20,29.871099046431482,50.476634060032666,36.47560952231288,2.875734298863402e-13,0.0035816834949869633,,
adr_oscillatory_screen_20260918,cellular7_low,4,2048,15040,amg_pbicgstab,passed,252.9950425378047,252.07227002829313,253.91781504731625,76,69.19228454353288,314.28160407813266,283.6383233079687,7.95869466598804e-12,0.0035816834946561155,,
adr_oscillatory_screen_20260918,cellular7_weak,4,2048,15040,dilu_pbicgstab,numerical_failure,,,,,,,,,,1000,5.642644792562828e-09
adr_oscillatory_screen_20260918,cellular7_weak,4,2048,15040,amg_fgmres,passed,1712.823590496555,1694.6662929840386,1730.9808880090714,744,72.81226699706167,1755.7405520346947,1734.2820712656248,9.9817931031506e-12,0.017855920891003595,,
adr_oscillatory_screen_20260918,cellular7_weak,4,2048,15040,asm_d24,passed,71.78479549475014,70.87783596944064,72.69175502005965,70,30.66196053987369,106.05037654750049,88.91758602112532,4.4665472955253256e-13,0.017855920977015414,,
adr_oscillatory_screen_20260918,cellular7_weak,4,2048,15040,amg_pbicgstab,numerical_failure,,,,,,,,,,1000,0.0060721811177962045
adr_oscillatory_screen_20260918,cellular7_anisotropic,4,2048,15040,dilu_pbicgstab,passed,115.21196301328018,113.87867596931756,116.54525005724281,456,30.394420551601797,149.96372704626992,132.58784502977505,9.94159603261562e-12,0.010227609633074175,,
adr_oscillatory_screen_20260918,cellular7_anisotropic,4,2048,15040,amg_fgmres,passed,959.7117659868672,957.1203830419108,962.3031489318237,427,69.19353501871228,1029.9989465274848,994.855356257176,9.73386969945718e-12,0.010227609420771307,,
adr_oscillatory_screen_20260918,cellular7_anisotropic,4,2048,15040,asm_d24,passed,56.82739551411942,54.1943630669266,59.460427961312234,49,29.131498478818685,82.0210975361988,69.4242465251591,4.971306706864326e-13,0.010227609386730868,,
adr_oscillatory_screen_20260918,cellular7_anisotropic,4,2048,15040,amg_pbicgstab,numerical_failure,,,,,,,,,,1000,3.481889087929233e-10
adr_oscillatory_square_p6_20260918,advection_dominated,6,8192,85120,dilu_pbicgstab,passed,29.871608984346192,28.912667999975383,31.259107985533774,76,44.165801955386996,74.21819295268506,52.216594049241394,5.2848059768051695e-12,1.2023070856918091e-12,,
adr_oscillatory_square_p6_20260918,advection_dominated,6,8192,85120,amg_fgmres,passed,165.51988032491258,163.63223607186228,167.26259095594287,29,652.1541560068727,814.9213108699769,489.94430451421067,2.3653421783218517e-12,2.017111113827212e-13,,
adr_oscillatory_square_p6_20260918,advection_dominated,6,8192,85120,asm_d24,passed,22.431381628848612,21.013632998801768,23.58017594087869,13,115.75054796412587,137.32209196314216,79.45213344646618,3.4143113853683484e-13,7.775410676630205e-14,,
adr_oscillatory_square_p6_20260918,advection_dominated,6,8192,85120,amg_pbicgstab,passed,172.02737896392742,171.17307195439935,173.65508200600743,17,661.1444880254567,837.081428966485,504.12725046044216,2.1726580969279856e-12,3.4785662698079123e-13,,
adr_oscillatory_square_p6_20260918,cellular7_weak,6,8192,85120,dilu_pbicgstab,numerical_failure,,,,,,,,,,1000,6.245497777183249e-07
adr_oscillatory_square_p6_20260918,cellular7_weak,6,8192,85120,amg_fgmres,numerical_failure,,,,,,,,,,1000,3.4510215628315345e-06
adr_oscillatory_square_p6_20260918,cellular7_weak,6,8192,85120,asm_d24,passed,245.19898765720427,243.86469402816147,246.4803799521178,150,113.32824302371591,357.408348005265,301.33011849829927,7.978738932261247e-16,1.1667507781085915e-06,,
adr_oscillatory_square_p6_20260918,cellular7_weak,6,8192,85120,amg_pbicgstab,passed,6809.642369354454,6801.414023037069,6815.65911101643,672,299.6343079721555,7129.100601072423,6970.477287541144,5.691663440118498e-12,1.1667546266134754e-06,,
adr_oscillatory_square_p6_20260918,cellular7_anisotropic,6,8192,85120,dilu_pbicgstab,numerical_failure,,,,,,,,,,1000,1.1981601653256747e-10
adr_oscillatory_square_p6_20260918,cellular7_anisotropic,6,8192,85120,amg_fgmres,passed,1329.6918483295788,1328.608249896206,1330.2926850738004,228,294.1296399803832,1616.0956820240244,1473.1941835489124,9.638427466856982e-12,6.068809994251099e-07,,
adr_oscillatory_square_p6_20260918,cellular7_anisotropic,6,8192,85120,asm_d24,passed,96.68512964465965,96.53090499341488,96.83981398120522,61,109.92216598242521,206.21981797739863,151.52981597930193,4.983748947564296e-13,6.069321342172674e-07,,
adr_oscillatory_square_p6_20260918,cellular7_anisotropic,6,8192,85120,amg_pbicgstab,passed,1249.838947978181,1248.0353330029175,1250.7851619739085,129,291.19969299063087,1504.8514190129936,1377.7738839853555,8.273806728867763e-12,6.069104468381848e-07,,
adr_oscillatory_star_h0.04_p6_20260918,advection_dominated,6,6114,62475,dilu_pbicgstab,passed,17.278153022440772,17.194718006066978,17.429828993044794,51,37.67884708940983,54.72654616460204,35.96063208533451,3.0069438388655874e-12,2.9151611088781155e-12,,
adr_oscillatory_star_h0.04_p6_20260918,advection_dominated,6,6114,62475,amg_fgmres,passed,83.43779532394062,82.66635297331959,83.8619259884581,22,143.2282639434561,226.98428994044662,154.8253214568831,4.675934929316945e-12,1.1258077001686066e-12,,
adr_oscillatory_star_h0.04_p6_20260918,advection_dominated,6,6114,62475,asm_d24,passed,13.39528135334452,13.290314003825188,13.541382038965821,9,69.75222297478467,82.9503369750455,48.24585950700566,1.1962410101584186e-12,7.043729617682354e-13,,
adr_oscillatory_star_h0.04_p6_20260918,advection_dominated,6,6114,62475,amg_pbicgstab,passed,89.55749636515975,89.48956208769232,89.61013203952461,13,144.04274197295308,233.61849889624864,161.55403049197048,4.302849918205029e-13,8.58376812141196e-14,,
adr_oscillatory_star_h0.04_p6_20260918,oscillatory_rhs,6,6114,62475,dilu_pbicgstab,passed,17.102179660772283,17.006819020025432,17.178158974274993,50,39.94170296937227,57.04710294958204,37.026960984803736,5.6502720439403106e-12,4.0413605971171466e-08,,
adr_oscillatory_star_h0.04_p6_20260918,oscillatory_rhs,6,6114,62475,amg_fgmres,passed,87.76530534184228,87.52535108942538,87.97599794343114,23,161.019756924361,248.84313100483268,168.18424104712903,2.614598749043526e-12,4.0413602733127655e-08,,
adr_oscillatory_star_h0.04_p6_20260918,oscillatory_rhs,6,6114,62475,asm_d24,passed,13.44614231493324,13.439519912935793,13.451820006594062,9,72.45179207529873,85.63523809425533,49.5411625597626,1.196344170315088e-12,4.041360018291633e-08,,
adr_oscillatory_star_h0.04_p6_20260918,oscillatory_rhs,6,6114,62475,amg_pbicgstab,passed,87.65726466663182,85.79772699158639,91.15180803928524,12,151.21539402753115,237.1421391144395,161.46993305301294,3.722029960269932e-12,4.041360190572039e-08,,
adr_oscillatory_star_h0.04_p6_20260918,cellular7_weak,6,6114,62475,dilu_pbicgstab,numerical_failure,,,,,,,,,,1000,8.055495312788721e-07
adr_oscillatory_star_h0.04_p6_20260918,cellular7_weak,6,6114,62475,amg_fgmres,numerical_failure,,,,,,,,,,1000,0.0009590304702137199
adr_oscillatory_star_h0.04_p6_20260918,cellular7_weak,6,6114,62475,asm_d24,passed,199.82621733409664,199.68885299749672,199.9191880458966,150,71.2852020515129,271.2421800242737,235.58068403508514,7.474578192302444e-13,1.6138526399282676e-07,,
adr_oscillatory_star_h0.04_p6_20260918,cellular7_weak,6,6114,62475,amg_pbicgstab,passed,6604.873135647115,6601.610990939662,6608.146287035197,910,132.97252997290343,6729.800898116082,6668.361417425331,3.0418482070602052e-12,1.6142426072497274e-07,,
adr_oscillatory_star_h0.04_p6_20260918,cellular7_anisotropic,6,6114,62475,dilu_pbicgstab,numerical_failure,,,,,,,,,,1000,1.1196315092000524e-08
adr_oscillatory_star_h0.04_p6_20260918,cellular7_anisotropic,6,6114,62475,amg_fgmres,passed,1190.18893999358,1187.7302339999005,1193.1592739420012,266,134.92010592017323,1326.025340007618,1257.3763819527812,9.861304364772706e-12,9.041837751337043e-08,,
adr_oscillatory_star_h0.04_p6_20260918,cellular7_anisotropic,6,6114,62475,asm_d24,passed,100.27477234446754,100.06049799267203,100.40312900673598,75,70.27713500428945,169.7391850175336,135.0711570121348,1.6133994258279016e-12,9.038501349947826e-08,,
adr_oscillatory_star_h0.04_p6_20260918,cellular7_anisotropic,6,6114,62475,amg_pbicgstab,passed,1090.874151326716,1089.7976219421253,1091.6549660032615,147,133.8334399042651,1223.3395869843662,1156.8665014347062,6.466508506650215e-12,9.040753397585235e-08,,
adr_oscillatory_star_h0.02_p6_20260918,advection_dominated,6,22825,236502,dilu_pbicgstab,passed,54.4928126813223,54.479704005643725,54.510256042703986,90,91.34448796976358,145.7471699686721,100.11782398214564,1.986501008301474e-12,2.5311250088384106e-12,,
adr_oscillatory_star_h0.02_p6_20260918,advection_dominated,6,22825,236502,amg_fgmres,passed,173.13421529252082,171.90418997779489,175.45925092417747,24,174.55719993449748,344.7512839920819,258.3277369849384,6.02324939914997e-12,1.7093805967745765e-12,,
adr_oscillatory_star_h0.02_p6_20260918,advection_dominated,6,22825,236502,asm_d24,passed,72.41804998678465,72.11880898103118,72.90092098992318,14,321.17242203094065,393.336892942898,232.7856564661488,4.4791832359382145e-12,2.444699315517064e-12,,
adr_oscillatory_star_h0.02_p6_20260918,advection_dominated,6,22825,236502,amg_pbicgstab,passed,177.37684771418571,177.36164608504623,177.39073699340224,13,176.74562998581678,354.0911480085924,265.72639704681933,3.70033958758439e-12,1.6188874398225833e-12,,
adr_oscillatory_star_h0.02_p6_20260918,cellular7_weak,6,22825,236502,dilu_pbicgstab,numerical_failure,,,,,,,,,,1000,0.0012052923698427894
adr_oscillatory_star_h0.02_p6_20260918,cellular7_weak,6,22825,236502,amg_fgmres,numerical_failure,,,,,,,,,,1000,6.435628329404625e-05
adr_oscillatory_star_h0.02_p6_20260918,cellular7_weak,6,22825,236502,asm_d24,passed,1514.8230306416128,1509.3076690100133,1525.4494829569012,300,313.9621950685978,1821.566455066204,1665.4370620381087,1.189146139800376e-13,7.767312267561591e-10,,
adr_oscillatory_star_h0.02_p6_20260918,cellular7_weak,6,22825,236502,amg_pbicgstab,numerical_failure,,,,,,,,,,1000,0.09643053333898116
adr_oscillatory_star_h0.02_p6_20260918,cellular7_anisotropic,6,22825,236502,dilu_pbicgstab,numerical_failure,,,,,,,,,,1000,1.4619592392159157e-07
adr_oscillatory_star_h0.02_p6_20260918,cellular7_anisotropic,6,22825,236502,amg_fgmres,passed,1850.617074679273,1849.6278550010175,1851.6675169812515,230,202.41040491964668,2081.036269897595,1966.3518934394233,9.982954046535507e-12,8.05590002908759e-10,,
adr_oscillatory_star_h0.02_p6_20260918,cellular7_anisotropic,6,22825,236502,asm_d24,passed,758.7844597098107,757.780657033436,759.9865150405094,150,322.14900699909776,1075.0814899802208,916.8338485178538,9.112349864306869e-14,4.991360716681355e-10,,
adr_oscillatory_star_h0.02_p6_20260918,cellular7_anisotropic,6,22825,236502,amg_pbicgstab,passed,2293.809966300614,2290.416646981612,2295.7990719005466,162,202.12011190596968,2486.1197909340262,2390.9594314172864,7.443066169097261e-12,7.409168980522621e-10,,
