tag,batch,nt,ndof,alphaT1,alphaT2,betaPhi1,betaPhi2,gamma,delta,relRhoDesign,activeJaccard,finalFrame,copiedFinalFrame,frameCount
beta_refine_a40_50_g1000_d265_b665_765_20260712-202355-686970,runs_coarse_beta_width_shift_refine,9110,73321,0.4,0.5,0.665,0.765,1.0,0.26500000000000007,0.4429995525153311,0.6481135244903293,/home/as305/PycharmProjects/hdgfem/run_outputs/strategyA_band_study_20260712/runs_coarse_beta_width_shift_refine/beta_refine_a40_50_g1000_d265_b665_765_20260712-202355-686970/frames/beta_refine_a40_50_g1000_d265_b665_765_20260712-202355-686970_frame_0000_final.png,docs/strategyA_band_parameter_study/final_frames_beta_width_shift/beta_refine_a40_50_g1000_d265_b665_765_20260712-202355-686970_frame_0000_final.png,1
beta_width_a40_50_g100_d025_b650_750_20260712-201059-541898,runs_coarse_beta_width_shift,9110,73321,0.4,0.5,0.65,0.75,1.0,0.24999999999999994,0.4840423025374774,0.7436075698469721,/home/as305/PycharmProjects/hdgfem/run_outputs/strategyA_band_study_20260712/runs_coarse_beta_width_shift/beta_width_a40_50_g100_d025_b650_750_20260712-201059-541898/frames/beta_width_a40_50_g100_d025_b650_750_20260712-201059-541898_frame_0000_final.png,docs/strategyA_band_parameter_study/final_frames_beta_width_shift/beta_width_a40_50_g100_d025_b650_750_20260712-201059-541898_frame_0000_final.png,1
beta_refine_a40_50_g0900_d235_b640_730_20260712-201954-039522,runs_coarse_beta_width_shift_refine,9110,73321,0.4,0.5,0.64,0.73,0.8999999999999999,0.23500000000000004,0.4841714644376304,0.618766151644055,/home/as305/PycharmProjects/hdgfem/run_outputs/strategyA_band_study_20260712/runs_coarse_beta_width_shift_refine/beta_refine_a40_50_g0900_d235_b640_730_20260712-201954-039522/frames/beta_refine_a40_50_g0900_d235_b640_730_20260712-201954-039522_frame_0000_final.png,docs/strategyA_band_parameter_study/final_frames_beta_width_shift/beta_refine_a40_50_g0900_d235_b640_730_20260712-201954-039522_frame_0000_final.png,1
beta_refine_a40_50_g0900_d250_b655_745_20260712-202051-442578,runs_coarse_beta_width_shift_refine,9110,73321,0.4,0.5,0.655,0.745,0.8999999999999999,0.24999999999999994,0.5797195397643475,0.513071817078029,/home/as305/PycharmProjects/hdgfem/run_outputs/strategyA_band_study_20260712/runs_coarse_beta_width_shift_refine/beta_refine_a40_50_g0900_d250_b655_745_20260712-202051-442578/frames/beta_refine_a40_50_g0900_d250_b655_745_20260712-202051-442578_frame_0000_final.png,docs/strategyA_band_parameter_study/final_frames_beta_width_shift/beta_refine_a40_50_g0900_d250_b655_745_20260712-202051-442578_frame_0000_final.png,1
beta_refine_a40_50_g1000_d235_b635_735_20260712-202301-658371,runs_coarse_beta_width_shift_refine,9110,73321,0.4,0.5,0.635,0.735,1.0,0.23500000000000004,0.6112103281079373,0.7358650497319529,/home/as305/PycharmProjects/hdgfem/run_outputs/strategyA_band_study_20260712/runs_coarse_beta_width_shift_refine/beta_refine_a40_50_g1000_d235_b635_735_20260712-202301-658371/frames/beta_refine_a40_50_g1000_d235_b635_735_20260712-202301-658371_frame_0000_final.png,docs/strategyA_band_parameter_study/final_frames_beta_width_shift/beta_refine_a40_50_g1000_d235_b635_735_20260712-202301-658371_frame_0000_final.png,1
beta_refine_a40_50_g1100_d265_b660_770_20260712-202653-935469,runs_coarse_beta_width_shift_refine,9110,73321,0.4,0.5,0.66,0.77,1.1,0.26500000000000007,0.6276847736680631,0.7250004169188934,/home/as305/PycharmProjects/hdgfem/run_outputs/strategyA_band_study_20260712/runs_coarse_beta_width_shift_refine/beta_refine_a40_50_g1100_d265_b660_770_20260712-202653-935469/frames/beta_refine_a40_50_g1100_d265_b660_770_20260712-202653-935469_frame_0000_final.png,docs/strategyA_band_parameter_study/final_frames_beta_width_shift/beta_refine_a40_50_g1100_d265_b660_770_20260712-202653-935469_frame_0000_final.png,1
beta_width_a40_50_g100_d030_b700_800_20260712-201136-605366,runs_coarse_beta_width_shift,9110,73321,0.4,0.5,0.7,0.8,1.000000000000001,0.3,0.6690459354506559,0.43157173253156034,/home/as305/PycharmProjects/hdgfem/run_outputs/strategyA_band_study_20260712/runs_coarse_beta_width_shift/beta_width_a40_50_g100_d030_b700_800_20260712-201136-605366/frames/beta_width_a40_50_g100_d030_b700_800_20260712-201136-605366_frame_0000_final.png,docs/strategyA_band_parameter_study/final_frames_beta_width_shift/beta_width_a40_50_g100_d030_b700_800_20260712-201136-605366_frame_0000_final.png,1
beta_width_a40_50_g075_d020_b612_688_20260712-200803-146401,runs_coarse_beta_width_shift,9110,73321,0.4,0.5,0.6125,0.6875,0.7499999999999997,0.2,0.6767985629443696,0.45516233954363877,/home/as305/PycharmProjects/hdgfem/run_outputs/strategyA_band_study_20260712/runs_coarse_beta_width_shift/beta_width_a40_50_g075_d020_b612_688_20260712-200803-146401/frames/beta_width_a40_50_g075_d020_b612_688_20260712-200803-146401_frame_0000_final.png,docs/strategyA_band_parameter_study/final_frames_beta_width_shift/beta_width_a40_50_g075_d020_b612_688_20260712-200803-146401_frame_0000_final.png,1
beta_refine_a40_50_g0900_d265_b670_760_20260712-202159-373364,runs_coarse_beta_width_shift_refine,9110,73321,0.4,0.5,0.67,0.76,0.8999999999999999,0.26500000000000007,0.6973314597011491,0.4202875618017955,/home/as305/PycharmProjects/hdgfem/run_outputs/strategyA_band_study_20260712/runs_coarse_beta_width_shift_refine/beta_refine_a40_50_g0900_d265_b670_760_20260712-202159-373364/frames/beta_refine_a40_50_g0900_d265_b670_760_20260712-202159-373364_frame_0000_final.png,docs/strategyA_band_parameter_study/final_frames_beta_width_shift/beta_refine_a40_50_g0900_d265_b670_760_20260712-202159-373364_frame_0000_final.png,1
beta_width_a40_50_g125_d030_b688_812_20260712-201435-998476,runs_coarse_beta_width_shift,9110,73321,0.4,0.5,0.6875,0.8125,1.2500000000000002,0.3,0.7129582177594385,0.6921887985911784,/home/as305/PycharmProjects/hdgfem/run_outputs/strategyA_band_study_20260712/runs_coarse_beta_width_shift/beta_width_a40_50_g125_d030_b688_812_20260712-201435-998476/frames/beta_width_a40_50_g125_d030_b688_812_20260712-201435-998476_frame_0000_final.png,docs/strategyA_band_parameter_study/final_frames_beta_width_shift/beta_width_a40_50_g125_d030_b688_812_20260712-201435-998476_frame_0000_final.png,1
beta_refine_a40_50_g1100_d250_b645_755_20260712-202559-014963,runs_coarse_beta_width_shift_refine,9110,73321,0.4,0.5,0.645,0.755,1.1,0.24999999999999994,0.759879339869397,0.6872096462141234,/home/as305/PycharmProjects/hdgfem/run_outputs/strategyA_band_study_20260712/runs_coarse_beta_width_shift_refine/beta_refine_a40_50_g1100_d250_b645_755_20260712-202559-014963/frames/beta_refine_a40_50_g1100_d250_b645_755_20260712-202559-014963_frame_0000_final.png,docs/strategyA_band_parameter_study/final_frames_beta_width_shift/beta_refine_a40_50_g1100_d250_b645_755_20260712-202559-014963_frame_0000_final.png,1
beta_refine_a40_50_g1100_d235_b630_740_20260712-202454-679818,runs_coarse_beta_width_shift_refine,9110,73321,0.4,0.5,0.63,0.74,1.1,0.23500000000000004,0.8749187763587066,0.6347941671975803,/home/as305/PycharmProjects/hdgfem/run_outputs/strategyA_band_study_20260712/runs_coarse_beta_width_shift_refine/beta_refine_a40_50_g1100_d235_b630_740_20260712-202454-679818/frames/beta_refine_a40_50_g1100_d235_b630_740_20260712-202454-679818_frame_0000_final.png,docs/strategyA_band_parameter_study/final_frames_beta_width_shift/beta_refine_a40_50_g1100_d235_b630_740_20260712-202454-679818_frame_0000_final.png,1
beta_width_a40_50_g100_d020_b600_700_20260712-201021-318391,runs_coarse_beta_width_shift,9110,73321,0.4,0.5,0.6,0.7,1.0,0.1999999999999999,0.9048232827516488,0.6169262379486785,/home/as305/PycharmProjects/hdgfem/run_outputs/strategyA_band_study_20260712/runs_coarse_beta_width_shift/beta_width_a40_50_g100_d020_b600_700_20260712-201021-318391/frames/beta_width_a40_50_g100_d020_b600_700_20260712-201021-318391_frame_0000_final.png,docs/strategyA_band_parameter_study/final_frames_beta_width_shift/beta_width_a40_50_g100_d020_b600_700_20260712-201021-318391_frame_0000_final.png,1
beta_width_a40_50_g125_d025_b638_762_20260712-201253-280636,runs_coarse_beta_width_shift,9110,73321,0.4,0.5,0.6375,0.7625,1.2500000000000002,0.24999999999999994,1.0277613875481775,0.5352892691589664,/home/as305/PycharmProjects/hdgfem/run_outputs/strategyA_band_study_20260712/runs_coarse_beta_width_shift/beta_width_a40_50_g125_d025_b638_762_20260712-201253-280636/frames/beta_width_a40_50_g125_d025_b638_762_20260712-201253-280636_frame_0000_final.png,docs/strategyA_band_parameter_study/final_frames_beta_width_shift/beta_width_a40_50_g125_d025_b638_762_20260712-201253-280636_frame_0000_final.png,1
beta_width_a40_50_g150_d030_b675_825_20260712-201737-777080,runs_coarse_beta_width_shift,9110,73321,0.4,0.5,0.675,0.825,1.4999999999999993,0.3,1.085671835006077,0.5007317446716788,/home/as305/PycharmProjects/hdgfem/run_outputs/strategyA_band_study_20260712/runs_coarse_beta_width_shift/beta_width_a40_50_g150_d030_b675_825_20260712-201737-777080/frames/beta_width_a40_50_g150_d030_b675_825_20260712-201737-777080_frame_0000_final.png,docs/strategyA_band_parameter_study/final_frames_beta_width_shift/beta_width_a40_50_g150_d030_b675_825_20260712-201737-777080_frame_0000_final.png,1
beta_width_a40_50_g075_d025_b662_737_20260712-200845-134123,runs_coarse_beta_width_shift,9110,73321,0.4,0.5,0.6625,0.7375,0.7500000000000009,0.24999999999999994,1.1169822273345058,0.1723058922076801,/home/as305/PycharmProjects/hdgfem/run_outputs/strategyA_band_study_20260712/runs_coarse_beta_width_shift/beta_width_a40_50_g075_d025_b662_737_20260712-200845-134123/frames/beta_width_a40_50_g075_d025_b662_737_20260712-200845-134123_frame_0000_final.png,docs/strategyA_band_parameter_study/final_frames_beta_width_shift/beta_width_a40_50_g075_d025_b662_737_20260712-200845-134123_frame_0000_final.png,1
beta_width_a40_50_g050_d030_b725_775_20260712-200626-066081,runs_coarse_beta_width_shift,9110,73321,0.4,0.5,0.725,0.775,0.5000000000000006,0.3,1.1623706559845823,0.0,/home/as305/PycharmProjects/hdgfem/run_outputs/strategyA_band_study_20260712/runs_coarse_beta_width_shift/beta_width_a40_50_g050_d030_b725_775_20260712-200626-066081/frames/beta_width_a40_50_g050_d030_b725_775_20260712-200626-066081_frame_0000_final.png,docs/strategyA_band_parameter_study/final_frames_beta_width_shift/beta_width_a40_50_g050_d030_b725_775_20260712-200626-066081_frame_0000_final.png,1
beta_width_a40_50_g050_d025_b675_725_20260712-200455-496356,runs_coarse_beta_width_shift,9110,73321,0.4,0.5,0.675,0.725,0.49999999999999944,0.24999999999999994,1.1756928668413493,0.0,/home/as305/PycharmProjects/hdgfem/run_outputs/strategyA_band_study_20260712/runs_coarse_beta_width_shift/beta_width_a40_50_g050_d025_b675_725_20260712-200455-496356/frames/beta_width_a40_50_g050_d025_b675_725_20260712-200455-496356_frame_0000_final.png,docs/strategyA_band_parameter_study/final_frames_beta_width_shift/beta_width_a40_50_g050_d025_b675_725_20260712-200455-496356_frame_0000_final.png,1
beta_width_a40_50_g125_d020_b588_712_20260712-201212-892472,runs_coarse_beta_width_shift,9110,73321,0.4,0.5,0.5875,0.7125,1.2500000000000002,0.2,1.1859622885422831,0.37883324976349153,/home/as305/PycharmProjects/hdgfem/run_outputs/strategyA_band_study_20260712/runs_coarse_beta_width_shift/beta_width_a40_50_g125_d020_b588_712_20260712-201212-892472/frames/beta_width_a40_50_g125_d020_b588_712_20260712-201212-892472_frame_0000_final.png,docs/strategyA_band_parameter_study/final_frames_beta_width_shift/beta_width_a40_50_g125_d020_b588_712_20260712-201212-892472_frame_0000_final.png,1
beta_width_a40_50_g050_d020_b625_675_20260712-200341-682013,runs_coarse_beta_width_shift,9110,73321,0.4,0.5,0.625,0.675,0.5000000000000006,0.2,1.1891633863615192,0.0,/home/as305/PycharmProjects/hdgfem/run_outputs/strategyA_band_study_20260712/runs_coarse_beta_width_shift/beta_width_a40_50_g050_d020_b625_675_20260712-200341-682013/frames/beta_width_a40_50_g050_d020_b625_675_20260712-200341-682013_frame_0000_final.png,docs/strategyA_band_parameter_study/final_frames_beta_width_shift/beta_width_a40_50_g050_d020_b625_675_20260712-200341-682013_frame_0000_final.png,1
beta_width_a40_50_g150_d025_b625_775_20260712-201644-644292,runs_coarse_beta_width_shift,9110,73321,0.4,0.5,0.625,0.775,1.5000000000000007,0.24999999999999994,1.2187498638799534,0.3774849983435395,/home/as305/PycharmProjects/hdgfem/run_outputs/strategyA_band_study_20260712/runs_coarse_beta_width_shift/beta_width_a40_50_g150_d025_b625_775_20260712-201644-644292/frames/beta_width_a40_50_g150_d025_b625_775_20260712-201644-644292_frame_0000_final.png,docs/strategyA_band_parameter_study/final_frames_beta_width_shift/beta_width_a40_50_g150_d025_b625_775_20260712-201644-644292_frame_0000_final.png,1
beta_width_a40_50_g075_d030_b712_788_20260712-200927-873529,runs_coarse_beta_width_shift,9110,73321,0.4,0.5,0.7125,0.7875,0.7499999999999997,0.3,1.2387777051102562,0.002049467773873536,/home/as305/PycharmProjects/hdgfem/run_outputs/strategyA_band_study_20260712/runs_coarse_beta_width_shift/beta_width_a40_50_g075_d030_b712_788_20260712-200927-873529/frames/beta_width_a40_50_g075_d030_b712_788_20260712-200927-873529_frame_0000_final.png,docs/strategyA_band_parameter_study/final_frames_beta_width_shift/beta_width_a40_50_g075_d030_b712_788_20260712-200927-873529_frame_0000_final.png,1
beta_width_a40_50_g150_d020_b575_725_20260712-201536-656012,runs_coarse_beta_width_shift,9110,73321,0.4,0.5,0.575,0.725,1.5000000000000007,0.1999999999999999,1.3083914060033692,0.269632182762118,/home/as305/PycharmProjects/hdgfem/run_outputs/strategyA_band_study_20260712/runs_coarse_beta_width_shift/beta_width_a40_50_g150_d020_b575_725_20260712-201536-656012/frames/beta_width_a40_50_g150_d020_b575_725_20260712-201536-656012_frame_0000_final.png,docs/strategyA_band_parameter_study/final_frames_beta_width_shift/beta_width_a40_50_g150_d020_b575_725_20260712-201536-656012_frame_0000_final.png,1
