tag,batch,status,alphaT1,alphaT2,betaPhi1,betaPhi2,gamma,delta,meshFile,nt,ndof,order,timeTotal,wallSeconds,resEuclid,relRhoDesign,rhoDesignDiffL2,massRho,massRhoMinusDesign,activeArea,activeDesignArea,activeOverlapArea,activeJaccard,plateauArea,plateauDesignArea,plateauOverlapArea,plateauJaccard,annularPhiMinusC2,summary,finalFrame,copiedFinalFrame,frameCount,framesCsv
beta_refine_a40_50_g1000_d265_b665_765_20260712-202355-686970,runs_coarse_beta_width_shift_refine,OK,0.4,0.5,0.665,0.765,1.0,0.26500000000000007,/home/as305/PycharmProjects/hdgfem/run_outputs/strategyA_band_study_20260712/fixed_mesh/smooth_star_h010_n220.msh,9110,73321,4,56.49542880399895,59.13622650400066,3.9111953957694494e-13,0.4429995525153311,0.3418734068032308,0.5698334629413216,-0.10712796917651635,1.0504233840887003,0.9136513354725375,0.7723638996596671,0.6481135244903293,0.32385470106057446,0.4993948322641618,0.2986054503835099,0.5691581399517306,0.001273887571950641,run_outputs/strategyA_band_study_20260712/runs_coarse_beta_width_shift_refine/beta_refine_a40_50_g1000_d265_b665_765_20260712-202355-686970/out/summary.txt,/home/as305/PycharmProjects/hdgfem/run_outputs/strategyA_band_study_20260712/runs_coarse_beta_width_shift_refine/beta_refine_a40_50_g1000_d265_b665_765_20260712-202355-686970/frames/beta_refine_a40_50_g1000_d265_b665_765_20260712-202355-686970_frame_0000_final.png,docs/strategyA_band_parameter_study/final_frames_beta_width_shift/beta_refine_a40_50_g1000_d265_b665_765_20260712-202355-686970_frame_0000_final.png,1,/home/as305/PycharmProjects/hdgfem/run_outputs/strategyA_band_study_20260712/runs_coarse_beta_width_shift_refine/beta_refine_a40_50_g1000_d265_b665_765_20260712-202355-686970/logs/frames.csv
beta_width_a40_50_g100_d025_b650_750_20260712-201059-541898,runs_coarse_beta_width_shift,OK,0.4,0.5,0.65,0.75,1.0,0.24999999999999994,/home/as305/PycharmProjects/hdgfem/run_outputs/strategyA_band_study_20260712/fixed_mesh/smooth_star_h010_n220.msh,9110,73321,4,35.08113581699945,37.04202410899961,4.4435168825806406e-13,0.4840423025374774,0.37354708388704444,0.5803745331882486,-0.0965868989295896,1.0687539665695802,0.9136513354725375,0.8454491793888398,0.7436075698469721,0.32861065542104195,0.4993948322641618,0.253882506240263,0.4422092730050568,0.0012773732203484392,run_outputs/strategyA_band_study_20260712/runs_coarse_beta_width_shift/beta_width_a40_50_g100_d025_b650_750_20260712-201059-541898/out/summary.txt,/home/as305/PycharmProjects/hdgfem/run_outputs/strategyA_band_study_20260712/runs_coarse_beta_width_shift/beta_width_a40_50_g100_d025_b650_750_20260712-201059-541898/frames/beta_width_a40_50_g100_d025_b650_750_20260712-201059-541898_frame_0000_final.png,docs/strategyA_band_parameter_study/final_frames_beta_width_shift/beta_width_a40_50_g100_d025_b650_750_20260712-201059-541898_frame_0000_final.png,1,/home/as305/PycharmProjects/hdgfem/run_outputs/strategyA_band_study_20260712/runs_coarse_beta_width_shift/beta_width_a40_50_g100_d025_b650_750_20260712-201059-541898/logs/frames.csv
beta_refine_a40_50_g0900_d235_b640_730_20260712-201954-039522,runs_coarse_beta_width_shift_refine,OK,0.4,0.5,0.64,0.73,0.8999999999999999,0.23500000000000004,/home/as305/PycharmProjects/hdgfem/run_outputs/strategyA_band_study_20260712/fixed_mesh/smooth_star_h010_n220.msh,9110,73321,4,55.291977283999586,57.28405652899892,7.012915546839883e-13,0.4841714644376304,0.3736467612311496,0.5369525747059332,-0.14000885741190505,0.9926810676480722,0.9136513354725375,0.728687070479761,0.618766151644055,0.3038516489020334,0.4993948322641618,0.2874086232049619,0.5571685341996777,0.001164670322569724,run_outputs/strategyA_band_study_20260712/runs_coarse_beta_width_shift_refine/beta_refine_a40_50_g0900_d235_b640_730_20260712-201954-039522/out/summary.txt,/home/as305/PycharmProjects/hdgfem/run_outputs/strategyA_band_study_20260712/runs_coarse_beta_width_shift_refine/beta_refine_a40_50_g0900_d235_b640_730_20260712-201954-039522/frames/beta_refine_a40_50_g0900_d235_b640_730_20260712-201954-039522_frame_0000_final.png,docs/strategyA_band_parameter_study/final_frames_beta_width_shift/beta_refine_a40_50_g0900_d235_b640_730_20260712-201954-039522_frame_0000_final.png,1,/home/as305/PycharmProjects/hdgfem/run_outputs/strategyA_band_study_20260712/runs_coarse_beta_width_shift_refine/beta_refine_a40_50_g0900_d235_b640_730_20260712-201954-039522/logs/frames.csv
beta_refine_a40_50_g0900_d250_b655_745_20260712-202051-442578,runs_coarse_beta_width_shift_refine,OK,0.4,0.5,0.655,0.745,0.8999999999999999,0.24999999999999994,/home/as305/PycharmProjects/hdgfem/run_outputs/strategyA_band_study_20260712/fixed_mesh/smooth_star_h010_n220.msh,9110,73321,4,64.87402358100007,67.39667307200216,6.135708899784298e-13,0.5797195397643475,0.44738350845801284,0.5271106594609918,-0.14985077265684643,0.9721874071395605,0.9136513354725375,0.6394744118998001,0.513071817078029,0.29815106557500753,0.4993948322641618,0.2636779504238246,0.4939010699188602,0.0011612091998368136,run_outputs/strategyA_band_study_20260712/runs_coarse_beta_width_shift_refine/beta_refine_a40_50_g0900_d250_b655_745_20260712-202051-442578/out/summary.txt,/home/as305/PycharmProjects/hdgfem/run_outputs/strategyA_band_study_20260712/runs_coarse_beta_width_shift_refine/beta_refine_a40_50_g0900_d250_b655_745_20260712-202051-442578/frames/beta_refine_a40_50_g0900_d250_b655_745_20260712-202051-442578_frame_0000_final.png,docs/strategyA_band_parameter_study/final_frames_beta_width_shift/beta_refine_a40_50_g0900_d250_b655_745_20260712-202051-442578_frame_0000_final.png,1,/home/as305/PycharmProjects/hdgfem/run_outputs/strategyA_band_study_20260712/runs_coarse_beta_width_shift_refine/beta_refine_a40_50_g0900_d250_b655_745_20260712-202051-442578/logs/frames.csv
beta_refine_a40_50_g1000_d235_b635_735_20260712-202301-658371,runs_coarse_beta_width_shift_refine,OK,0.4,0.5,0.635,0.735,1.0,0.23500000000000004,/home/as305/PycharmProjects/hdgfem/run_outputs/strategyA_band_study_20260712/fixed_mesh/smooth_star_h010_n220.msh,9110,73321,4,51.285844761998305,54.037985535996995,5.032937536523601e-13,0.6112103281079373,0.4716857070331907,0.5909025899162254,-0.08605884220161264,1.0925146986402292,0.9136513354725375,0.8504505973496653,0.7358650497319529,0.3352088756794213,0.4993948322641618,0.19282178698282873,0.30044752070013514,0.0012807431265548473,run_outputs/strategyA_band_study_20260712/runs_coarse_beta_width_shift_refine/beta_refine_a40_50_g1000_d235_b635_735_20260712-202301-658371/out/summary.txt,/home/as305/PycharmProjects/hdgfem/run_outputs/strategyA_band_study_20260712/runs_coarse_beta_width_shift_refine/beta_refine_a40_50_g1000_d235_b635_735_20260712-202301-658371/frames/beta_refine_a40_50_g1000_d235_b635_735_20260712-202301-658371_frame_0000_final.png,docs/strategyA_band_parameter_study/final_frames_beta_width_shift/beta_refine_a40_50_g1000_d235_b635_735_20260712-202301-658371_frame_0000_final.png,1,/home/as305/PycharmProjects/hdgfem/run_outputs/strategyA_band_study_20260712/runs_coarse_beta_width_shift_refine/beta_refine_a40_50_g1000_d235_b635_735_20260712-202301-658371/logs/frames.csv
beta_refine_a40_50_g1100_d265_b660_770_20260712-202653-935469,runs_coarse_beta_width_shift_refine,OK,0.4,0.5,0.66,0.77,1.1,0.26500000000000007,/home/as305/PycharmProjects/hdgfem/run_outputs/strategyA_band_study_20260712/fixed_mesh/smooth_star_h010_n220.msh,9110,73321,4,58.9601127499991,61.32609028200022,2.8568147634662524e-13,0.6276847736680631,0.4843994328075291,0.6218601888789421,-0.05510124323889587,1.1472254754062283,0.9136513354725375,0.86616590491864,0.7250004169188934,0.3545715485983929,0.4993948322641618,0.19243939265592555,0.29090180156915496,0.0013878377268630657,run_outputs/strategyA_band_study_20260712/runs_coarse_beta_width_shift_refine/beta_refine_a40_50_g1100_d265_b660_770_20260712-202653-935469/out/summary.txt,/home/as305/PycharmProjects/hdgfem/run_outputs/strategyA_band_study_20260712/runs_coarse_beta_width_shift_refine/beta_refine_a40_50_g1100_d265_b660_770_20260712-202653-935469/frames/beta_refine_a40_50_g1100_d265_b660_770_20260712-202653-935469_frame_0000_final.png,docs/strategyA_band_parameter_study/final_frames_beta_width_shift/beta_refine_a40_50_g1100_d265_b660_770_20260712-202653-935469_frame_0000_final.png,1,/home/as305/PycharmProjects/hdgfem/run_outputs/strategyA_band_study_20260712/runs_coarse_beta_width_shift_refine/beta_refine_a40_50_g1100_d265_b660_770_20260712-202653-935469/logs/frames.csv
beta_width_a40_50_g100_d030_b700_800_20260712-201136-605366,runs_coarse_beta_width_shift,OK,0.4,0.5,0.7,0.8,1.000000000000001,0.3,/home/as305/PycharmProjects/hdgfem/run_outputs/strategyA_band_study_20260712/fixed_mesh/smooth_star_h010_n220.msh,9110,73321,4,34.35761152300256,36.32543599600103,2.8662042981780633e-13,0.6690459354506559,0.516318835903236,0.5469322383789298,-0.13002919373890842,1.0071606790671022,0.9136513354725375,0.5790615657913136,0.43157173253156034,0.3106699266432606,0.4993948322641618,0.24961445639803095,0.4453819638965191,0.0012652928244833508,run_outputs/strategyA_band_study_20260712/runs_coarse_beta_width_shift/beta_width_a40_50_g100_d030_b700_800_20260712-201136-605366/out/summary.txt,/home/as305/PycharmProjects/hdgfem/run_outputs/strategyA_band_study_20260712/runs_coarse_beta_width_shift/beta_width_a40_50_g100_d030_b700_800_20260712-201136-605366/frames/beta_width_a40_50_g100_d030_b700_800_20260712-201136-605366_frame_0000_final.png,docs/strategyA_band_parameter_study/final_frames_beta_width_shift/beta_width_a40_50_g100_d030_b700_800_20260712-201136-605366_frame_0000_final.png,1,/home/as305/PycharmProjects/hdgfem/run_outputs/strategyA_band_study_20260712/runs_coarse_beta_width_shift/beta_width_a40_50_g100_d030_b700_800_20260712-201136-605366/logs/frames.csv
beta_width_a40_50_g075_d020_b612_688_20260712-200803-146401,runs_coarse_beta_width_shift,OK,0.4,0.5,0.6125,0.6875,0.7499999999999997,0.2,/home/as305/PycharmProjects/hdgfem/run_outputs/strategyA_band_study_20260712/fixed_mesh/smooth_star_h010_n220.msh,9110,73321,4,40.06253673399988,41.98963970400291,1.6124160326469788e-12,0.6767985629443696,0.5223017249556139,0.474879698917909,-0.20208173319992923,0.8798307282219386,0.9136513354725375,0.560985856943455,0.45516233954363877,0.2665528122798208,0.4993948322641618,0.2208639977618959,0.4051928526305484,0.0009936223559908683,run_outputs/strategyA_band_study_20260712/runs_coarse_beta_width_shift/beta_width_a40_50_g075_d020_b612_688_20260712-200803-146401/out/summary.txt,/home/as305/PycharmProjects/hdgfem/run_outputs/strategyA_band_study_20260712/runs_coarse_beta_width_shift/beta_width_a40_50_g075_d020_b612_688_20260712-200803-146401/frames/beta_width_a40_50_g075_d020_b612_688_20260712-200803-146401_frame_0000_final.png,docs/strategyA_band_parameter_study/final_frames_beta_width_shift/beta_width_a40_50_g075_d020_b612_688_20260712-200803-146401_frame_0000_final.png,1,/home/as305/PycharmProjects/hdgfem/run_outputs/strategyA_band_study_20260712/runs_coarse_beta_width_shift/beta_width_a40_50_g075_d020_b612_688_20260712-200803-146401/logs/frames.csv
beta_refine_a40_50_g0900_d265_b670_760_20260712-202159-373364,runs_coarse_beta_width_shift_refine,OK,0.4,0.5,0.67,0.76,0.8999999999999999,0.26500000000000007,/home/as305/PycharmProjects/hdgfem/run_outputs/strategyA_band_study_20260712/fixed_mesh/smooth_star_h010_n220.msh,9110,73321,4,59.45333308500267,62.31918592000147,5.341118708047978e-13,0.6973314597011491,0.5381474551057279,0.5175673424626216,-0.15939408965521662,0.9540850340958894,0.9136513354725375,0.5526953737865642,0.4202875618017955,0.2930807742593244,0.4993948322641618,0.23113202827256274,0.41174787995747864,0.0011576299363723341,run_outputs/strategyA_band_study_20260712/runs_coarse_beta_width_shift_refine/beta_refine_a40_50_g0900_d265_b670_760_20260712-202159-373364/out/summary.txt,/home/as305/PycharmProjects/hdgfem/run_outputs/strategyA_band_study_20260712/runs_coarse_beta_width_shift_refine/beta_refine_a40_50_g0900_d265_b670_760_20260712-202159-373364/frames/beta_refine_a40_50_g0900_d265_b670_760_20260712-202159-373364_frame_0000_final.png,docs/strategyA_band_parameter_study/final_frames_beta_width_shift/beta_refine_a40_50_g0900_d265_b670_760_20260712-202159-373364_frame_0000_final.png,1,/home/as305/PycharmProjects/hdgfem/run_outputs/strategyA_band_study_20260712/runs_coarse_beta_width_shift_refine/beta_refine_a40_50_g0900_d265_b670_760_20260712-202159-373364/logs/frames.csv
beta_width_a40_50_g125_d030_b688_812_20260712-201435-998476,runs_coarse_beta_width_shift,OK,0.4,0.5,0.6875,0.8125,1.2500000000000002,0.3,/home/as305/PycharmProjects/hdgfem/run_outputs/strategyA_band_study_20260712/fixed_mesh/smooth_star_h010_n220.msh,9110,73321,4,58.290411456000584,60.781464528998185,1.3751642603020388e-13,0.7129582177594385,0.550207000051865,0.6706005578314844,-0.006360874286353568,1.2344871080021558,0.9136513354725375,0.8786947234458685,0.6921887985911784,0.3841475019775247,0.4993948322641618,0.1675605802198552,0.2340291205448038,0.0015467971828440515,run_outputs/strategyA_band_study_20260712/runs_coarse_beta_width_shift/beta_width_a40_50_g125_d030_b688_812_20260712-201435-998476/out/summary.txt,/home/as305/PycharmProjects/hdgfem/run_outputs/strategyA_band_study_20260712/runs_coarse_beta_width_shift/beta_width_a40_50_g125_d030_b688_812_20260712-201435-998476/frames/beta_width_a40_50_g125_d030_b688_812_20260712-201435-998476_frame_0000_final.png,docs/strategyA_band_parameter_study/final_frames_beta_width_shift/beta_width_a40_50_g125_d030_b688_812_20260712-201435-998476_frame_0000_final.png,1,/home/as305/PycharmProjects/hdgfem/run_outputs/strategyA_band_study_20260712/runs_coarse_beta_width_shift/beta_width_a40_50_g125_d030_b688_812_20260712-201435-998476/logs/frames.csv
beta_refine_a40_50_g1100_d250_b645_755_20260712-202559-014963,runs_coarse_beta_width_shift_refine,OK,0.4,0.5,0.645,0.755,1.1,0.24999999999999994,/home/as305/PycharmProjects/hdgfem/run_outputs/strategyA_band_study_20260712/fixed_mesh/smooth_star_h010_n220.msh,9110,73321,4,52.61755133100087,55.33642179099843,3.2153899738786126e-13,0.759879339869397,0.5864171582239927,0.632538341610136,-0.04442309050770221,1.1661333771248563,0.9136513354725375,0.8471076014487245,0.6872096462141234,0.36036294257121027,0.4993948322641618,0.14499601506525994,0.20285922278759683,0.0013912462872228727,run_outputs/strategyA_band_study_20260712/runs_coarse_beta_width_shift_refine/beta_refine_a40_50_g1100_d250_b645_755_20260712-202559-014963/out/summary.txt,/home/as305/PycharmProjects/hdgfem/run_outputs/strategyA_band_study_20260712/runs_coarse_beta_width_shift_refine/beta_refine_a40_50_g1100_d250_b645_755_20260712-202559-014963/frames/beta_refine_a40_50_g1100_d250_b645_755_20260712-202559-014963_frame_0000_final.png,docs/strategyA_band_parameter_study/final_frames_beta_width_shift/beta_refine_a40_50_g1100_d250_b645_755_20260712-202559-014963_frame_0000_final.png,1,/home/as305/PycharmProjects/hdgfem/run_outputs/strategyA_band_study_20260712/runs_coarse_beta_width_shift_refine/beta_refine_a40_50_g1100_d250_b645_755_20260712-202559-014963/logs/frames.csv
beta_refine_a40_50_g1100_d235_b630_740_20260712-202454-679818,runs_coarse_beta_width_shift_refine,OK,0.4,0.5,0.63,0.74,1.1,0.23500000000000004,/home/as305/PycharmProjects/hdgfem/run_outputs/strategyA_band_study_20260712/fixed_mesh/smooth_star_h010_n220.msh,9110,73321,4,61.26426975800132,64.04258847399979,3.60740775286671e-13,0.8749187763587066,0.6751958575387355,0.6439712566256071,-0.032990175492231155,1.1879380233719716,0.9136513354725375,0.8160517657864639,0.6347941671975803,0.3653989726318053,0.4993948322641618,0.11161446975840503,0.1481910941409718,0.001394543488105169,run_outputs/strategyA_band_study_20260712/runs_coarse_beta_width_shift_refine/beta_refine_a40_50_g1100_d235_b630_740_20260712-202454-679818/out/summary.txt,/home/as305/PycharmProjects/hdgfem/run_outputs/strategyA_band_study_20260712/runs_coarse_beta_width_shift_refine/beta_refine_a40_50_g1100_d235_b630_740_20260712-202454-679818/frames/beta_refine_a40_50_g1100_d235_b630_740_20260712-202454-679818_frame_0000_final.png,docs/strategyA_band_parameter_study/final_frames_beta_width_shift/beta_refine_a40_50_g1100_d235_b630_740_20260712-202454-679818_frame_0000_final.png,1,/home/as305/PycharmProjects/hdgfem/run_outputs/strategyA_band_study_20260712/runs_coarse_beta_width_shift_refine/beta_refine_a40_50_g1100_d235_b630_740_20260712-202454-679818/logs/frames.csv
beta_width_a40_50_g100_d020_b600_700_20260712-201021-318391,runs_coarse_beta_width_shift,OK,0.4,0.5,0.6,0.7,1.0,0.1999999999999999,/home/as305/PycharmProjects/hdgfem/run_outputs/strategyA_band_study_20260712/fixed_mesh/smooth_star_h010_n220.msh,9110,73321,4,36.29454481900029,38.22981883399916,6.627464638734758e-13,0.9048232827516488,0.6982738841897225,0.6170193289576575,-0.05994210316018067,1.1396782774839365,0.9136513354725375,0.7834327155188759,0.6169262379486785,0.3491785761638517,0.4993948322641618,0.09959284962226642,0.13297120793237635,0.0012881757876745253,run_outputs/strategyA_band_study_20260712/runs_coarse_beta_width_shift/beta_width_a40_50_g100_d020_b600_700_20260712-201021-318391/out/summary.txt,/home/as305/PycharmProjects/hdgfem/run_outputs/strategyA_band_study_20260712/runs_coarse_beta_width_shift/beta_width_a40_50_g100_d020_b600_700_20260712-201021-318391/frames/beta_width_a40_50_g100_d020_b600_700_20260712-201021-318391_frame_0000_final.png,docs/strategyA_band_parameter_study/final_frames_beta_width_shift/beta_width_a40_50_g100_d020_b600_700_20260712-201021-318391_frame_0000_final.png,1,/home/as305/PycharmProjects/hdgfem/run_outputs/strategyA_band_study_20260712/runs_coarse_beta_width_shift/beta_width_a40_50_g100_d020_b600_700_20260712-201021-318391/logs/frames.csv
beta_width_a40_50_g125_d025_b638_762_20260712-201253-280636,runs_coarse_beta_width_shift,OK,0.4,0.5,0.6375,0.7625,1.2500000000000002,0.24999999999999994,/home/as305/PycharmProjects/hdgfem/run_outputs/strategyA_band_study_20260712/fixed_mesh/smooth_star_h010_n220.msh,9110,73321,4,100.05924070099718,102.2234647289988,1.9854773698512634e-13,1.0277613875481775,0.7931481757642435,0.7085311574998117,0.031569725381973446,1.3062184139762936,0.9136513354725375,0.773973009308858,0.5352892691589664,0.4051023196662487,0.4993948322641618,0.0752089066296464,0.09069091121913807,0.0015582746379633125,run_outputs/strategyA_band_study_20260712/runs_coarse_beta_width_shift/beta_width_a40_50_g125_d025_b638_762_20260712-201253-280636/out/summary.txt,/home/as305/PycharmProjects/hdgfem/run_outputs/strategyA_band_study_20260712/runs_coarse_beta_width_shift/beta_width_a40_50_g125_d025_b638_762_20260712-201253-280636/frames/beta_width_a40_50_g125_d025_b638_762_20260712-201253-280636_frame_0000_final.png,docs/strategyA_band_parameter_study/final_frames_beta_width_shift/beta_width_a40_50_g125_d025_b638_762_20260712-201253-280636_frame_0000_final.png,1,/home/as305/PycharmProjects/hdgfem/run_outputs/strategyA_band_study_20260712/runs_coarse_beta_width_shift/beta_width_a40_50_g125_d025_b638_762_20260712-201253-280636/logs/frames.csv
beta_width_a40_50_g150_d030_b675_825_20260712-201737-777080,runs_coarse_beta_width_shift,OK,0.4,0.5,0.675,0.825,1.4999999999999993,0.3,/home/as305/PycharmProjects/hdgfem/run_outputs/strategyA_band_study_20260712/fixed_mesh/smooth_star_h010_n220.msh,9110,73321,4,57.67624205800166,60.028584494000825,6.614917570972093e-14,1.085671835006077,0.8378390605507388,0.7876666794511465,0.11070524733330855,1.4505512404689975,0.9136513354725375,0.7888360360281934,0.5007317446716788,0.4530007999729158,0.4993948322641618,0.06737007279043997,0.07612217757028747,0.001816907355628488,run_outputs/strategyA_band_study_20260712/runs_coarse_beta_width_shift/beta_width_a40_50_g150_d030_b675_825_20260712-201737-777080/out/summary.txt,/home/as305/PycharmProjects/hdgfem/run_outputs/strategyA_band_study_20260712/runs_coarse_beta_width_shift/beta_width_a40_50_g150_d030_b675_825_20260712-201737-777080/frames/beta_width_a40_50_g150_d030_b675_825_20260712-201737-777080_frame_0000_final.png,docs/strategyA_band_parameter_study/final_frames_beta_width_shift/beta_width_a40_50_g150_d030_b675_825_20260712-201737-777080_frame_0000_final.png,1,/home/as305/PycharmProjects/hdgfem/run_outputs/strategyA_band_study_20260712/runs_coarse_beta_width_shift/beta_width_a40_50_g150_d030_b675_825_20260712-201737-777080/logs/frames.csv
beta_width_a40_50_g075_d025_b662_737_20260712-200845-134123,runs_coarse_beta_width_shift,OK,0.4,0.5,0.6625,0.7375,0.7500000000000009,0.24999999999999994,/home/as305/PycharmProjects/hdgfem/run_outputs/strategyA_band_study_20260712/fixed_mesh/smooth_star_h010_n220.msh,9110,73321,4,40.802397578001546,42.736356511999475,9.766518156100667e-13,1.1169822273345058,0.8620020431833121,0.4452284373706864,-0.2317329947471518,0.8216070110747407,0.9136513354725375,0.2550488226665707,0.1723058922076801,0.249914801615587,0.4993948322641618,0.0,0.0,0.0009820031711204498,run_outputs/strategyA_band_study_20260712/runs_coarse_beta_width_shift/beta_width_a40_50_g075_d025_b662_737_20260712-200845-134123/out/summary.txt,/home/as305/PycharmProjects/hdgfem/run_outputs/strategyA_band_study_20260712/runs_coarse_beta_width_shift/beta_width_a40_50_g075_d025_b662_737_20260712-200845-134123/frames/beta_width_a40_50_g075_d025_b662_737_20260712-200845-134123_frame_0000_final.png,docs/strategyA_band_parameter_study/final_frames_beta_width_shift/beta_width_a40_50_g075_d025_b662_737_20260712-200845-134123_frame_0000_final.png,1,/home/as305/PycharmProjects/hdgfem/run_outputs/strategyA_band_study_20260712/runs_coarse_beta_width_shift/beta_width_a40_50_g075_d025_b662_737_20260712-200845-134123/logs/frames.csv
beta_width_a40_50_g050_d030_b725_775_20260712-200626-066081,runs_coarse_beta_width_shift,OK,0.4,0.5,0.725,0.775,0.5000000000000006,0.3,/home/as305/PycharmProjects/hdgfem/run_outputs/strategyA_band_study_20260712/fixed_mesh/smooth_star_h010_n220.msh,9110,73321,4,95.1160876799986,97.12813375400219,6.29297007806968e-13,1.1623706559845823,0.8970293849581324,0.27401733425632013,-0.4029440978615181,0.5087205563100178,0.9136513354725375,0.0,0.0,0.15348394258268216,0.4993948322641618,0.0,0.0,0.0006482580542713882,run_outputs/strategyA_band_study_20260712/runs_coarse_beta_width_shift/beta_width_a40_50_g050_d030_b725_775_20260712-200626-066081/out/summary.txt,/home/as305/PycharmProjects/hdgfem/run_outputs/strategyA_band_study_20260712/runs_coarse_beta_width_shift/beta_width_a40_50_g050_d030_b725_775_20260712-200626-066081/frames/beta_width_a40_50_g050_d030_b725_775_20260712-200626-066081_frame_0000_final.png,docs/strategyA_band_parameter_study/final_frames_beta_width_shift/beta_width_a40_50_g050_d030_b725_775_20260712-200626-066081_frame_0000_final.png,1,/home/as305/PycharmProjects/hdgfem/run_outputs/strategyA_band_study_20260712/runs_coarse_beta_width_shift/beta_width_a40_50_g050_d030_b725_775_20260712-200626-066081/logs/frames.csv
beta_width_a40_50_g050_d025_b675_725_20260712-200455-496356,runs_coarse_beta_width_shift,OK,0.4,0.5,0.675,0.725,0.49999999999999944,0.24999999999999994,/home/as305/PycharmProjects/hdgfem/run_outputs/strategyA_band_study_20260712/fixed_mesh/smooth_star_h010_n220.msh,9110,73321,4,88.5728461860017,90.53163886499897,1.6301767130189637e-12,1.1756928668413493,0.9073104554149617,0.2993743923121304,-0.3775870398057078,0.5563970510466693,0.9136513354725375,0.0,0.0,0.16597816803308185,0.4993948322641618,0.0,0.0,0.0006652724165780236,run_outputs/strategyA_band_study_20260712/runs_coarse_beta_width_shift/beta_width_a40_50_g050_d025_b675_725_20260712-200455-496356/out/summary.txt,/home/as305/PycharmProjects/hdgfem/run_outputs/strategyA_band_study_20260712/runs_coarse_beta_width_shift/beta_width_a40_50_g050_d025_b675_725_20260712-200455-496356/frames/beta_width_a40_50_g050_d025_b675_725_20260712-200455-496356_frame_0000_final.png,docs/strategyA_band_parameter_study/final_frames_beta_width_shift/beta_width_a40_50_g050_d025_b675_725_20260712-200455-496356_frame_0000_final.png,1,/home/as305/PycharmProjects/hdgfem/run_outputs/strategyA_band_study_20260712/runs_coarse_beta_width_shift/beta_width_a40_50_g050_d025_b675_725_20260712-200455-496356/logs/frames.csv
beta_width_a40_50_g125_d020_b588_712_20260712-201212-892472,runs_coarse_beta_width_shift,OK,0.4,0.5,0.5875,0.7125,1.2500000000000002,0.2,/home/as305/PycharmProjects/hdgfem/run_outputs/strategyA_band_study_20260712/fixed_mesh/smooth_star_h010_n220.msh,9110,73321,4,38.43826692099901,40.382936440000776,2.7711413243591434e-13,1.1859622885422831,0.9152356150745209,0.7485381876033544,0.07157675548551645,1.3823842366275378,0.9136513354725375,0.6308337991562407,0.37883324976349153,0.42630449618947974,0.4993948322641618,0.026914979039455358,0.02994598098753959,0.0015686662513463671,run_outputs/strategyA_band_study_20260712/runs_coarse_beta_width_shift/beta_width_a40_50_g125_d020_b588_712_20260712-201212-892472/out/summary.txt,/home/as305/PycharmProjects/hdgfem/run_outputs/strategyA_band_study_20260712/runs_coarse_beta_width_shift/beta_width_a40_50_g125_d020_b588_712_20260712-201212-892472/frames/beta_width_a40_50_g125_d020_b588_712_20260712-201212-892472_frame_0000_final.png,docs/strategyA_band_parameter_study/final_frames_beta_width_shift/beta_width_a40_50_g125_d020_b588_712_20260712-201212-892472_frame_0000_final.png,1,/home/as305/PycharmProjects/hdgfem/run_outputs/strategyA_band_study_20260712/runs_coarse_beta_width_shift/beta_width_a40_50_g125_d020_b588_712_20260712-201212-892472/logs/frames.csv
beta_width_a40_50_g050_d020_b625_675_20260712-200341-682013,runs_coarse_beta_width_shift,OK,0.4,0.5,0.625,0.675,0.5000000000000006,0.2,/home/as305/PycharmProjects/hdgfem/run_outputs/strategyA_band_study_20260712/fixed_mesh/smooth_star_h010_n220.msh,9110,73321,4,71.85452727600205,73.83313692899901,3.4789542361035437e-12,1.1891633863615192,0.9177059792334886,0.32432290137617364,-0.35263853074166457,0.6036561869262037,0.9136513354725375,0.0,0.0,0.17913618620570645,0.4993948322641618,0.0,0.0,0.0006790010907331868,run_outputs/strategyA_band_study_20260712/runs_coarse_beta_width_shift/beta_width_a40_50_g050_d020_b625_675_20260712-200341-682013/out/summary.txt,/home/as305/PycharmProjects/hdgfem/run_outputs/strategyA_band_study_20260712/runs_coarse_beta_width_shift/beta_width_a40_50_g050_d020_b625_675_20260712-200341-682013/frames/beta_width_a40_50_g050_d020_b625_675_20260712-200341-682013_frame_0000_final.png,docs/strategyA_band_parameter_study/final_frames_beta_width_shift/beta_width_a40_50_g050_d020_b625_675_20260712-200341-682013_frame_0000_final.png,1,/home/as305/PycharmProjects/hdgfem/run_outputs/strategyA_band_study_20260712/runs_coarse_beta_width_shift/beta_width_a40_50_g050_d020_b625_675_20260712-200341-682013/logs/frames.csv
beta_width_a40_50_g150_d025_b625_775_20260712-201644-644292,runs_coarse_beta_width_shift,OK,0.4,0.5,0.625,0.775,1.5000000000000007,0.24999999999999994,/home/as305/PycharmProjects/hdgfem/run_outputs/strategyA_band_study_20260712/fixed_mesh/smooth_star_h010_n220.msh,9110,73321,4,50.771145697002794,53.25212695499795,9.076673688157778e-14,1.2187498638799534,0.940538575354868,0.8275360923268442,0.15057466020900623,1.5255885610614344,0.9136513354725375,0.6684475470947987,0.3774849983435395,0.4737268518002917,0.4993948322641618,0.026065154426285098,0.027522279410547464,0.0018281053927491006,run_outputs/strategyA_band_study_20260712/runs_coarse_beta_width_shift/beta_width_a40_50_g150_d025_b625_775_20260712-201644-644292/out/summary.txt,/home/as305/PycharmProjects/hdgfem/run_outputs/strategyA_band_study_20260712/runs_coarse_beta_width_shift/beta_width_a40_50_g150_d025_b625_775_20260712-201644-644292/frames/beta_width_a40_50_g150_d025_b625_775_20260712-201644-644292_frame_0000_final.png,docs/strategyA_band_parameter_study/final_frames_beta_width_shift/beta_width_a40_50_g150_d025_b625_775_20260712-201644-644292_frame_0000_final.png,1,/home/as305/PycharmProjects/hdgfem/run_outputs/strategyA_band_study_20260712/runs_coarse_beta_width_shift/beta_width_a40_50_g150_d025_b625_775_20260712-201644-644292/logs/frames.csv
beta_width_a40_50_g075_d030_b712_788_20260712-200927-873529,runs_coarse_beta_width_shift,OK,0.4,0.5,0.7125,0.7875,0.7499999999999997,0.3,/home/as305/PycharmProjects/hdgfem/run_outputs/strategyA_band_study_20260712/fixed_mesh/smooth_star_h010_n220.msh,9110,73321,4,51.48579471500125,53.42086116000064,5.598881974731733e-13,1.2387777051102562,0.9559945420109085,0.4183673977316008,-0.2585940343862374,0.7729940525871292,0.9136513354725375,0.0034496554111845203,0.002049467773873536,0.23648030275814166,0.4993948322641618,0.0,0.0,0.0009689293944864612,run_outputs/strategyA_band_study_20260712/runs_coarse_beta_width_shift/beta_width_a40_50_g075_d030_b712_788_20260712-200927-873529/out/summary.txt,/home/as305/PycharmProjects/hdgfem/run_outputs/strategyA_band_study_20260712/runs_coarse_beta_width_shift/beta_width_a40_50_g075_d030_b712_788_20260712-200927-873529/frames/beta_width_a40_50_g075_d030_b712_788_20260712-200927-873529_frame_0000_final.png,docs/strategyA_band_parameter_study/final_frames_beta_width_shift/beta_width_a40_50_g075_d030_b712_788_20260712-200927-873529_frame_0000_final.png,1,/home/as305/PycharmProjects/hdgfem/run_outputs/strategyA_band_study_20260712/runs_coarse_beta_width_shift/beta_width_a40_50_g075_d030_b712_788_20260712-200927-873529/logs/frames.csv
beta_width_a40_50_g150_d020_b575_725_20260712-201536-656012,runs_coarse_beta_width_shift,OK,0.4,0.5,0.575,0.725,1.5000000000000007,0.1999999999999999,/home/as305/PycharmProjects/hdgfem/run_outputs/strategyA_band_study_20260712/fixed_mesh/smooth_star_h010_n220.msh,9110,73321,4,65.3223314450006,67.82727887900182,1.210007229829326e-13,1.3083914060033692,1.0097171088834473,0.8674651662764109,0.1905037341585729,1.601530390436175,0.9136513354725375,0.5341499278356132,0.269632182762118,0.49689036289560434,0.4993948322641618,0.003113294256964917,0.003134698287511867,0.001838473992451798,run_outputs/strategyA_band_study_20260712/runs_coarse_beta_width_shift/beta_width_a40_50_g150_d020_b575_725_20260712-201536-656012/out/summary.txt,/home/as305/PycharmProjects/hdgfem/run_outputs/strategyA_band_study_20260712/runs_coarse_beta_width_shift/beta_width_a40_50_g150_d020_b575_725_20260712-201536-656012/frames/beta_width_a40_50_g150_d020_b575_725_20260712-201536-656012_frame_0000_final.png,docs/strategyA_band_parameter_study/final_frames_beta_width_shift/beta_width_a40_50_g150_d020_b575_725_20260712-201536-656012_frame_0000_final.png,1,/home/as305/PycharmProjects/hdgfem/run_outputs/strategyA_band_study_20260712/runs_coarse_beta_width_shift/beta_width_a40_50_g150_d020_b575_725_20260712-201536-656012/logs/frames.csv
