tag,nt,ndof,alphaT1,alphaT2,betaPhi1,betaPhi2,relRhoDesign,activeJaccard,finalFrame,copiedFinalFrame,frameCount
coarse_refine_a40_50_b675_775_20260712-182118-821402,9110,73321,0.4,0.5,0.675,0.775,0.4840193885953758,0.5823663240411193,run_outputs/strategyA_band_study_20260712/runs_coarse/coarse_refine_a40_50_b675_775_20260712-182118-821402/frames/coarse_refine_a40_50_b675_775_20260712-182118-821402_frame_0000_final.png,docs/strategyA_band_parameter_study/final_frames_coarse/coarse_refine_a40_50_b675_775_20260712-182118-821402_frame_0000_final.png,1
coarse_a40_50_b65_75_20260712-181449-976564,9110,73321,0.4,0.5,0.65,0.75,0.4840423025374774,0.7436075698469721,run_outputs/strategyA_band_study_20260712/runs_coarse/coarse_a40_50_b65_75_20260712-181449-976564/frames/coarse_a40_50_b65_75_20260712-181449-976564_frame_0000_final.png,docs/strategyA_band_parameter_study/final_frames_coarse/coarse_a40_50_b65_75_20260712-181449-976564_frame_0000_final.png,1
coarse_refine_a375_475_b65_75_20260712-181703-252866,9110,73321,0.375,0.475,0.65,0.75,0.4976093595296663,0.6314682628239049,run_outputs/strategyA_band_study_20260712/runs_coarse/coarse_refine_a375_475_b65_75_20260712-181703-252866/frames/coarse_refine_a375_475_b65_75_20260712-181703-252866_frame_0000_final.png,docs/strategyA_band_parameter_study/final_frames_coarse/coarse_refine_a375_475_b65_75_20260712-181703-252866_frame_0000_final.png,1
coarse_refine_a425_525_b65_75_20260712-181812-490896,9110,73321,0.425,0.525,0.65,0.75,0.5877364484612493,0.7722247921318484,run_outputs/strategyA_band_study_20260712/runs_coarse/coarse_refine_a425_525_b65_75_20260712-181812-490896/frames/coarse_refine_a425_525_b65_75_20260712-181812-490896_frame_0000_final.png,docs/strategyA_band_parameter_study/final_frames_coarse/coarse_refine_a425_525_b65_75_20260712-181812-490896_frame_0000_final.png,1
coarse_a35_45_b60_70_20260712-181006-538654,9110,73321,0.35,0.45,0.6,0.7,0.6944579883576394,0.6595995543206604,run_outputs/strategyA_band_study_20260712/runs_coarse/coarse_a35_45_b60_70_20260712-181006-538654/frames/coarse_a35_45_b60_70_20260712-181006-538654_frame_0000_final.png,docs/strategyA_band_parameter_study/final_frames_coarse/coarse_a35_45_b60_70_20260712-181006-538654_frame_0000_final.png,1
coarse_refine_a40_50_b625_725_20260712-181955-896449,9110,73321,0.4,0.5,0.625,0.725,0.7046999271000144,0.7097534637639059,run_outputs/strategyA_band_study_20260712/runs_coarse/coarse_refine_a40_50_b625_725_20260712-181955-896449/frames/coarse_refine_a40_50_b625_725_20260712-181955-896449_frame_0000_final.png,docs/strategyA_band_parameter_study/final_frames_coarse/coarse_refine_a40_50_b625_725_20260712-181955-896449_frame_0000_final.png,1
coarse_a45_55_b65_75_20260712-181306-157487,9110,73321,0.45,0.55,0.65,0.75,0.7306550345554383,0.7470428215501175,run_outputs/strategyA_band_study_20260712/runs_coarse/coarse_a45_55_b65_75_20260712-181306-157487/frames/coarse_a45_55_b65_75_20260712-181306-157487_frame_0000_final.png,docs/strategyA_band_parameter_study/final_frames_coarse/coarse_a45_55_b65_75_20260712-181306-157487_frame_0000_final.png,1
coarse_a40_50_b60_70_20260712-181050-914115,9110,73321,0.4,0.5,0.6,0.7,0.9048232827516491,0.6169262379486785,run_outputs/strategyA_band_study_20260712/runs_coarse/coarse_a40_50_b60_70_20260712-181050-914115/frames/coarse_a40_50_b60_70_20260712-181050-914115_frame_0000_final.png,docs/strategyA_band_parameter_study/final_frames_coarse/coarse_a40_50_b60_70_20260712-181050-914115_frame_0000_final.png,1
coarse_a35_45_b55_65_20260712-181535-018455,9110,73321,0.35,0.45,0.55,0.65,0.9590005233620851,0.5202837979577198,run_outputs/strategyA_band_study_20260712/runs_coarse/coarse_a35_45_b55_65_20260712-181535-018455/frames/coarse_a35_45_b55_65_20260712-181535-018455_frame_0000_final.png,docs/strategyA_band_parameter_study/final_frames_coarse/coarse_a35_45_b55_65_20260712-181535-018455_frame_0000_final.png,1
coarse_a425_525_b60_70_20260712-181137-003844,9110,73321,0.425,0.525,0.6,0.7,1.0126754380969933,0.5622240635725423,run_outputs/strategyA_band_study_20260712/runs_coarse/coarse_a425_525_b60_70_20260712-181137-003844/frames/coarse_a425_525_b60_70_20260712-181137-003844_frame_0000_final.png,docs/strategyA_band_parameter_study/final_frames_coarse/coarse_a425_525_b60_70_20260712-181137-003844_frame_0000_final.png,1
plotcheck_a45_55_b60_70,9110,73321,0.45,0.55,0.6,0.7,1.1014682162652294,0.5096463766813578,run_outputs/strategyA_band_study_20260712/runs_coarse/plotcheck_a45_55_b60_70/frames/plotcheck_a45_55_b60_70_frame_0000_final.png,docs/strategyA_band_parameter_study/final_frames_coarse/plotcheck_a45_55_b60_70_frame_0000_final.png,1
coarse_a40_50_b55_65_20260712-181354-549356,9110,73321,0.4,0.5,0.55,0.65,1.1273320548189676,0.4068040179308838,run_outputs/strategyA_band_study_20260712/runs_coarse/coarse_a40_50_b55_65_20260712-181354-549356/frames/coarse_a40_50_b55_65_20260712-181354-549356_frame_0000_final.png,docs/strategyA_band_parameter_study/final_frames_coarse/coarse_a40_50_b55_65_20260712-181354-549356_frame_0000_final.png,1
coarse_a45_55_b55_65_20260712-181223-229227,9110,73321,0.45,0.55,0.55,0.65,1.2519667846952403,0.2990696943516857,run_outputs/strategyA_band_study_20260712/runs_coarse/coarse_a45_55_b55_65_20260712-181223-229227/frames/coarse_a45_55_b55_65_20260712-181223-229227_frame_0000_final.png,docs/strategyA_band_parameter_study/final_frames_coarse/coarse_a45_55_b55_65_20260712-181223-229227_frame_0000_final.png,1
