tag,status,alphaT1,alphaT2,betaPhi1,betaPhi2,meshFile,nt,ndof,order,timeTotal,resEuclid,relRhoDesign,rhoDesignDiffL2,massRho,massRhoMinusDesign,activeArea,activeDesignArea,activeOverlapArea,activeJaccard,plateauArea,plateauDesignArea,plateauOverlapArea,plateauJaccard,annularPhiMinusC2,summary,finalFrame,copiedFinalFrame,frameCount,framesCsv
coarse_refine_a40_50_b675_775_20260712-182118-821402,OK,0.4,0.5,0.675,0.775,run_outputs/strategyA_band_study_20260712/fixed_mesh/smooth_star_h010_n220.msh,9110,73321,4,67.10142367300068,3.587428261783176e-13,0.4840193885953758,0.3735294006469484,0.5634155619586657,-0.1135458701591725,1.0398085502236394,0.9136513354725375,0.7189417744238503,0.5823663240411193,0.3205138700058387,0.4993948322641618,0.2973364415548441,0.5689862702393157,0.0012714972440517266,run_outputs/strategyA_band_study_20260712/runs_coarse/coarse_refine_a40_50_b675_775_20260712-182118-821402/out/summary.txt,run_outputs/strategyA_band_study_20260712/runs_coarse/coarse_refine_a40_50_b675_775_20260712-182118-821402/frames/coarse_refine_a40_50_b675_775_20260712-182118-821402_frame_0000_final.png,docs/strategyA_band_parameter_study/final_frames_coarse/coarse_refine_a40_50_b675_775_20260712-182118-821402_frame_0000_final.png,1,run_outputs/strategyA_band_study_20260712/runs_coarse/coarse_refine_a40_50_b675_775_20260712-182118-821402/logs/frames.csv
coarse_a40_50_b65_75_20260712-181449-976564,OK,0.4,0.5,0.65,0.75,run_outputs/strategyA_band_study_20260712/fixed_mesh/smooth_star_h010_n220.msh,9110,73321,4,42.90530669399959,4.443487661298994e-13,0.4840423025374774,0.37354708388704444,0.5803745331882484,-0.09658689892958983,1.0687539665695802,0.9136513354725375,0.8454491793888398,0.7436075698469721,0.32861065542104195,0.4993948322641618,0.253882506240263,0.4422092730050568,0.0012773732203484357,run_outputs/strategyA_band_study_20260712/runs_coarse/coarse_a40_50_b65_75_20260712-181449-976564/out/summary.txt,run_outputs/strategyA_band_study_20260712/runs_coarse/coarse_a40_50_b65_75_20260712-181449-976564/frames/coarse_a40_50_b65_75_20260712-181449-976564_frame_0000_final.png,docs/strategyA_band_parameter_study/final_frames_coarse/coarse_a40_50_b65_75_20260712-181449-976564_frame_0000_final.png,1,run_outputs/strategyA_band_study_20260712/runs_coarse/coarse_a40_50_b65_75_20260712-181449-976564/logs/frames.csv
coarse_refine_a375_475_b65_75_20260712-181703-252866,OK,0.375,0.475,0.65,0.75,run_outputs/strategyA_band_study_20260712/fixed_mesh/smooth_star_h010_n220.msh,9110,73321,4,65.86732291199951,6.395799066330508e-13,0.4976093595296663,0.38799325309198607,0.5785094053862072,-0.11252037211199595,1.0701113793443184,0.931069082230048,0.7745672891486108,0.6314682628239049,0.32745348963833965,0.5096498152708449,0.28476738048880007,0.5155691815404402,0.0012375984539562505,run_outputs/strategyA_band_study_20260712/runs_coarse/coarse_refine_a375_475_b65_75_20260712-181703-252866/out/summary.txt,run_outputs/strategyA_band_study_20260712/runs_coarse/coarse_refine_a375_475_b65_75_20260712-181703-252866/frames/coarse_refine_a375_475_b65_75_20260712-181703-252866_frame_0000_final.png,docs/strategyA_band_parameter_study/final_frames_coarse/coarse_refine_a375_475_b65_75_20260712-181703-252866_frame_0000_final.png,1,run_outputs/strategyA_band_study_20260712/runs_coarse/coarse_refine_a375_475_b65_75_20260712-181703-252866/logs/frames.csv
coarse_refine_a425_525_b65_75_20260712-181812-490896,OK,0.425,0.525,0.65,0.75,run_outputs/strategyA_band_study_20260712/fixed_mesh/smooth_star_h010_n220.msh,9110,73321,4,100.90974976699727,2.9854886830451036e-13,0.5877364484612493,0.44931775440265803,0.5817762004600354,-0.08253919789474407,1.071779366839676,0.8966854170624773,0.8577339146345795,0.7722247921318484,0.33127202404513983,0.49024327795048306,0.19095150965923324,0.3028266322614437,0.0013203676465022157,run_outputs/strategyA_band_study_20260712/runs_coarse/coarse_refine_a425_525_b65_75_20260712-181812-490896/out/summary.txt,run_outputs/strategyA_band_study_20260712/runs_coarse/coarse_refine_a425_525_b65_75_20260712-181812-490896/frames/coarse_refine_a425_525_b65_75_20260712-181812-490896_frame_0000_final.png,docs/strategyA_band_parameter_study/final_frames_coarse/coarse_refine_a425_525_b65_75_20260712-181812-490896_frame_0000_final.png,1,run_outputs/strategyA_band_study_20260712/runs_coarse/coarse_refine_a425_525_b65_75_20260712-181812-490896/logs/frames.csv
coarse_a35_45_b60_70_20260712-181006-538654,OK,0.35,0.45,0.6,0.7,run_outputs/strategyA_band_study_20260712/fixed_mesh/smooth_star_h010_n220.msh,9110,73321,4,42.27092538999932,1.2746478015584842e-12,0.6944579883576394,0.5474772417581872,0.6123870504876898,-0.09411820234993618,1.1344787073897096,0.9525561756378227,0.8294815909733908,0.6595995543206604,0.3437627627467269,0.520376120451821,0.17733344577101337,0.258200410345068,0.001209458720905901,run_outputs/strategyA_band_study_20260712/runs_coarse/coarse_a35_45_b60_70_20260712-181006-538654/out/summary.txt,run_outputs/strategyA_band_study_20260712/runs_coarse/coarse_a35_45_b60_70_20260712-181006-538654/frames/coarse_a35_45_b60_70_20260712-181006-538654_frame_0000_final.png,docs/strategyA_band_parameter_study/final_frames_coarse/coarse_a35_45_b60_70_20260712-181006-538654_frame_0000_final.png,1,run_outputs/strategyA_band_study_20260712/runs_coarse/coarse_a35_45_b60_70_20260712-181006-538654/logs/frames.csv
coarse_refine_a40_50_b625_725_20260712-181955-896449,OK,0.4,0.5,0.625,0.725,run_outputs/strategyA_band_study_20260712/fixed_mesh/smooth_star_h010_n220.msh,9110,73321,4,79.9616432110015,5.454461972775251e-13,0.7046999271000144,0.543833878575606,0.5984459710388256,-0.07851546107901242,1.106129872556255,0.9136513354725375,0.8384522908278402,0.7097534637639059,0.3394035749140252,0.4993948322641618,0.1558318274738587,0.22816903799498042,0.001282928055923921,run_outputs/strategyA_band_study_20260712/runs_coarse/coarse_refine_a40_50_b625_725_20260712-181955-896449/out/summary.txt,run_outputs/strategyA_band_study_20260712/runs_coarse/coarse_refine_a40_50_b625_725_20260712-181955-896449/frames/coarse_refine_a40_50_b625_725_20260712-181955-896449_frame_0000_final.png,docs/strategyA_band_parameter_study/final_frames_coarse/coarse_refine_a40_50_b625_725_20260712-181955-896449_frame_0000_final.png,1,run_outputs/strategyA_band_study_20260712/runs_coarse/coarse_refine_a40_50_b625_725_20260712-181955-896449/logs/frames.csv
coarse_a45_55_b65_75_20260712-181306-157487,OK,0.45,0.55,0.65,0.75,run_outputs/strategyA_band_study_20260712/fixed_mesh/smooth_star_h010_n220.msh,9110,73321,4,46.32615431999875,1.9351146254796758e-13,0.7306550345554383,0.5538235309972114,0.5834881187618437,-0.06958937949816557,1.0753332758265604,0.8817932626722814,0.8368754980793968,0.7470428215501175,0.3327755688855882,0.481409135778957,0.11378189180449094,0.16245207716952076,0.0013667176986508663,run_outputs/strategyA_band_study_20260712/runs_coarse/coarse_a45_55_b65_75_20260712-181306-157487/out/summary.txt,run_outputs/strategyA_band_study_20260712/runs_coarse/coarse_a45_55_b65_75_20260712-181306-157487/frames/coarse_a45_55_b65_75_20260712-181306-157487_frame_0000_final.png,docs/strategyA_band_parameter_study/final_frames_coarse/coarse_a45_55_b65_75_20260712-181306-157487_frame_0000_final.png,1,run_outputs/strategyA_band_study_20260712/runs_coarse/coarse_a45_55_b65_75_20260712-181306-157487/logs/frames.csv
coarse_a40_50_b60_70_20260712-181050-914115,OK,0.4,0.5,0.6,0.7,run_outputs/strategyA_band_study_20260712/fixed_mesh/smooth_star_h010_n220.msh,9110,73321,4,43.98535374600033,6.627469258400522e-13,0.9048232827516491,0.6982738841897227,0.6170193289576573,-0.05994210316018089,1.1396782774839365,0.9136513354725375,0.7834327155188759,0.6169262379486785,0.3491785761638517,0.4993948322641618,0.09959284962226642,0.13297120793237635,0.0012881757876745253,run_outputs/strategyA_band_study_20260712/runs_coarse/coarse_a40_50_b60_70_20260712-181050-914115/out/summary.txt,run_outputs/strategyA_band_study_20260712/runs_coarse/coarse_a40_50_b60_70_20260712-181050-914115/frames/coarse_a40_50_b60_70_20260712-181050-914115_frame_0000_final.png,docs/strategyA_band_parameter_study/final_frames_coarse/coarse_a40_50_b60_70_20260712-181050-914115_frame_0000_final.png,1,run_outputs/strategyA_band_study_20260712/runs_coarse/coarse_a40_50_b60_70_20260712-181050-914115/logs/frames.csv
coarse_a35_45_b55_65_20260712-181535-018455,OK,0.35,0.45,0.55,0.65,run_outputs/strategyA_band_study_20260712/fixed_mesh/smooth_star_h010_n220.msh,9110,73321,4,44.56199298000138,1.752405437932361e-12,0.9590005233620851,0.7560298393522782,0.6493357960950397,-0.05716945674258611,1.203682369300933,0.9525561756378227,0.7379253669417603,0.5202837979577198,0.3639247605742415,0.520376120451821,0.11689102421755772,0.15231889866997897,0.0012175580850074565,run_outputs/strategyA_band_study_20260712/runs_coarse/coarse_a35_45_b55_65_20260712-181535-018455/out/summary.txt,run_outputs/strategyA_band_study_20260712/runs_coarse/coarse_a35_45_b55_65_20260712-181535-018455/frames/coarse_a35_45_b55_65_20260712-181535-018455_frame_0000_final.png,docs/strategyA_band_parameter_study/final_frames_coarse/coarse_a35_45_b55_65_20260712-181535-018455_frame_0000_final.png,1,run_outputs/strategyA_band_study_20260712/runs_coarse/coarse_a35_45_b55_65_20260712-181535-018455/logs/frames.csv
coarse_a425_525_b60_70_20260712-181137-003844,OK,0.425,0.525,0.6,0.7,run_outputs/strategyA_band_study_20260712/fixed_mesh/smooth_star_h010_n220.msh,9110,73321,4,44.16630621799777,4.572943048686156e-13,1.0126754380969933,0.7741787241130562,0.6188462476664551,-0.045469150688324356,1.1419153915363423,0.8966854170624773,0.7336658404759472,0.5622240635725423,0.3508577705445711,0.49024327795048306,0.056008761935337964,0.07134035436874438,0.0013322981093026563,run_outputs/strategyA_band_study_20260712/runs_coarse/coarse_a425_525_b60_70_20260712-181137-003844/out/summary.txt,run_outputs/strategyA_band_study_20260712/runs_coarse/coarse_a425_525_b60_70_20260712-181137-003844/frames/coarse_a425_525_b60_70_20260712-181137-003844_frame_0000_final.png,docs/strategyA_band_parameter_study/final_frames_coarse/coarse_a425_525_b60_70_20260712-181137-003844_frame_0000_final.png,1,run_outputs/strategyA_band_study_20260712/runs_coarse/coarse_a425_525_b60_70_20260712-181137-003844/logs/frames.csv
plotcheck_a45_55_b60_70,OK,0.45,0.55,0.6,0.7,run_outputs/strategyA_band_study_20260712/fixed_mesh/smooth_star_h010_n220.msh,9110,73321,4,45.79979694500071,3.0552171348590036e-13,1.1014682162652294,0.8348933326441403,0.6214544740380906,-0.03162302422191865,1.1464523513094518,0.8817932626722814,0.6847219614821276,0.5096463766813578,0.3543767129030401,0.481409135778957,0.02341733836422882,0.028826004537114355,0.0013799668572240416,run_outputs/strategyA_band_study_20260712/runs_coarse/plotcheck_a45_55_b60_70/out/summary.txt,run_outputs/strategyA_band_study_20260712/runs_coarse/plotcheck_a45_55_b60_70/frames/plotcheck_a45_55_b60_70_frame_0000_final.png,docs/strategyA_band_parameter_study/final_frames_coarse/plotcheck_a45_55_b60_70_frame_0000_final.png,1,run_outputs/strategyA_band_study_20260712/runs_coarse/plotcheck_a45_55_b60_70/logs/frames.csv
coarse_a40_50_b55_65_20260712-181354-549356,OK,0.4,0.5,0.55,0.65,run_outputs/strategyA_band_study_20260712/fixed_mesh/smooth_star_h010_n220.msh,9110,73321,4,53.30334195500109,9.49677666357949e-13,1.1273320548189676,0.8699892539194137,0.6564662129254801,-0.020495219192358083,1.216971877344701,0.9136513354725375,0.616110042780276,0.4068040179308838,0.3715406895418243,0.4993948322641618,0.034597323826644766,0.0413676236601827,0.0012978226895753904,run_outputs/strategyA_band_study_20260712/runs_coarse/coarse_a40_50_b55_65_20260712-181354-549356/out/summary.txt,run_outputs/strategyA_band_study_20260712/runs_coarse/coarse_a40_50_b55_65_20260712-181354-549356/frames/coarse_a40_50_b55_65_20260712-181354-549356_frame_0000_final.png,docs/strategyA_band_parameter_study/final_frames_coarse/coarse_a40_50_b55_65_20260712-181354-549356_frame_0000_final.png,1,run_outputs/strategyA_band_study_20260712/runs_coarse/coarse_a40_50_b55_65_20260712-181354-549356/logs/frames.csv
coarse_a45_55_b55_65_20260712-181223-229227,OK,0.45,0.55,0.55,0.65,run_outputs/strategyA_band_study_20260712/fixed_mesh/smooth_star_h010_n220.msh,9110,73321,4,40.77036005199989,4.615126885745052e-13,1.2519667846952403,0.9489685728546555,0.6627649792838395,0.009687481023830213,1.2244693260256827,0.8817932626722814,0.4849003185627067,0.2990696943516857,0.37521357738430156,0.481409135778957,0.0,0.0,0.001391737567177219,run_outputs/strategyA_band_study_20260712/runs_coarse/coarse_a45_55_b55_65_20260712-181223-229227/out/summary.txt,run_outputs/strategyA_band_study_20260712/runs_coarse/coarse_a45_55_b55_65_20260712-181223-229227/frames/coarse_a45_55_b55_65_20260712-181223-229227_frame_0000_final.png,docs/strategyA_band_parameter_study/final_frames_coarse/coarse_a45_55_b55_65_20260712-181223-229227_frame_0000_final.png,1,run_outputs/strategyA_band_study_20260712/runs_coarse/coarse_a45_55_b55_65_20260712-181223-229227/logs/frames.csv
