gamma\delta,-0.25,-0.2,-0.15,-0.1,-0.05,-0.0,0.05,0.1,0.15,0.2,0.25,0.3,0.35
0.5,0.0,0.00907573226486403,0.03949645139102076,0.0913076113484094,0.1855702970713984,0.4490968781112891,0.6822000125149961,0.32414794459941315,0.024297178901187082,0.0,0.0,0.0,
0.625,0.0,0.006265773140356081,0.028703754053955838,0.06536977104847859,0.12278530188403887,0.22359654179904523,0.4710280901309117,0.7438882420655957,0.4201656109508536,0.1193609415076819,0.0004479053433411781,0.0,0.0
0.75,0.0,0.005375440190961795,0.023613076975714867,0.052947293966243036,0.09531437391770986,0.15995510024974793,0.2713248198704432,0.5139184696151645,0.7515127867976471,0.45516233954363877,0.1723058922076801,0.002049467773873536,0.0
0.875,0.0,0.005495122380543246,0.021561956527238735,0.04613268100256594,0.08100110472067606,0.1300627648927997,0.2044240144971061,0.3364917806840003,0.5660083064694383,0.7577613387737878,0.4529117044972632,0.19680425391534814,0.01741717047549451
1.0,0.0,0.005987623822139801,,0.042654525367258146,0.07246791929971853,0.11277608932293702,0.16978761202260584,0.24963413062979084,0.4068040179308838,0.6169262379486785,0.7436075698469721,0.43157173253156034,0.2018398071700431
1.125,8.480569004382637e-06,0.006937431611747399,0.020921319502488423,,0.0672470807144232,0.10236289897595946,0.14928361619259006,0.21076571550612425,0.3097125443515895,0.4736342913183023,0.661246822982031,0.6810234352851967,0.40005264153159964
1.25,0.00040628593126046874,0.008150423688167551,0.0215445584290793,,,0.09549674559043937,0.13586896409112922,0.18729356770039374,0.253738460654948,0.37883324976349153,0.5352892691589664,0.6921887985911784,0.6054618938271642
1.375,0.001291945563426819,0.009561103466524947,0.022590302443180336,0.04026549361881681,,,0.1269825247792505,0.17085848474226348,0.22421404346146587,0.3144416085672028,0.4429074806280238,0.5870920116453838,0.6995531224887003
1.5,0.002446523468755836,0.01110215358702247,0.023894292572512653,0.04063256374838123,0.061886527259953146,0.0879609645015068,,0.16023115442193647,0.2045529598220494,0.269632182762118,0.3774849983435395,0.5007317446716788,0.6282494706806024
