case,n,p,triangles,trace_dofs,h,candidate,status,mean,minimum,maximum,iterations,setup,fresh,amortized,residual,l2
trigonometric,32,6,2048,21056,0.0625,asm_gmres,passed,35.37780667344729,33.540808013640344,37.51014801673591,33,35.934770945459604,69.9067059904337,52.310704020783305,1.9007485448545706e-13,9.075579192638013e-12
trigonometric,32,6,2048,21056,0.0625,amgx_fgmres_amg,passed,144.76975697713593,144.44825099781156,144.96377296745777,49,234.87705807201564,379.69853810500354,262.33115553623065,6.572086439320816e-12,9.075468554476132e-12
trigonometric,32,6,2048,21056,0.0625,native_hp,passed,45.065132357801,43.51129196584225,47.25876508746296,58,51.529357908293605,95.86743789259344,70.14638895634562,1.920032562895864e-13,9.075592056751076e-12
trigonometric,32,6,2048,21056,0.0625,amgx_pbicgstab_amg,passed,146.13454063267758,146.0950339678675,146.16974699310958,30,235.75894499663264,381.6861810628325,263.91251099994406,8.976058515531772e-12,9.075656836936246e-12
advection_dominated,32,6,2048,21056,0.0625,asm_gmres,passed,9.034638991579413,8.723704959265888,9.328554035164416,8,34.02897506020963,43.550560949370265,26.3011094648391,1.5173721877985192e-12,8.563706518796482e-12
advection_dominated,32,6,2048,21056,0.0625,amgx_fgmres_amg,passed,49.49755830845485,49.32535102125257,49.74252195097506,21,83.29201804008335,132.9201520420611,91.172476997599,4.029705838224168e-12,8.577081148472927e-12
advection_dominated,32,6,2048,21056,0.0625,amgx_fgmres_dilu,passed,27.87402264463405,27.581183006986976,28.11231790110469,57,30.00761498697102,58.557351934723556,43.24295948026702,7.278839895172705e-12,8.652006211121203e-12
advection_dominated,32,6,2048,21056,0.0625,amgx_pbicgstab_dilu,passed,10.044700660121938,9.992424980737269,10.127931949682534,40,30.271557974629104,40.23161099757999,25.122678023763,2.1230338064108543e-14,8.556660656859082e-12
advection_dominated,32,6,2048,21056,0.0625,amgx_pbicgstab_amg,passed,60.45550003182143,60.43925997801125,60.48195401672274,14,83.11172900721431,143.5557120712474,101.99748602462932,4.256178790935887e-12,8.584442599801068e-12
anisotropic,32,6,2048,21056,0.0625,asm_gmres,passed,25.801393707903724,24.449858930893242,27.60525408666581,14,47.98748891334981,72.76179594919086,49.06169598689303,9.601425353962056e-12,8.562818191183843e-12
anisotropic,32,6,2048,21056,0.0625,amgx_pbicgstab_amg,passed,134.7802987244601,134.47906507644802,135.0802390370518,71,55.026744958013296,189.50036889873445,162.29030396789312,9.487376172247806e-12,6.5452676089893605e-12
anisotropic,32,6,2048,21056,0.0625,amgx_fgmres_amg,passed,151.7945670057088,151.62546001374722,152.07227901555598,113,53.99284791201353,206.06696186587214,178.8764619268477,9.791738697321936e-12,6.550180291826407e-12
trigonometric,64,1,8192,24320,0.03125,amgx_pbicgstab_amg,passed,256.6180990155165,256.5073659643531,256.69501698575914,54,310.7295330846682,567.0464460272342,411.77690599579364,9.665115788822503e-12,0.001198910155056317
trigonometric,64,1,8192,24320,0.03125,asm_gmres,passed,46.97096270198623,46.21101205702871,47.465492971241474,48,61.458031996153295,111.0752330860123,79.27036302862689,1.7316714557573594e-13,0.0011989101550562748
trigonometric,64,1,8192,24320,0.03125,amgx_fgmres_amg,passed,293.583059295391,293.0084519321099,294.6546400198713,98,311.974634998478,605.9543479932472,449.5202169637196,8.050551666393145e-12,0.0011989101550562288
trigonometric,64,1,8192,24320,0.03125,native_hp,passed,39.84476567711681,39.780206978321075,39.952202001586556,50,71.71374408062547,114.25906210206449,77.10563205182552,1.7330340166648126e-13,0.0011989101550563322
advection_dominated,64,1,8192,24320,0.03125,amgx_fgmres_amg,passed,96.74085199367255,96.3254349771887,97.15519903693348,34,312.2261690441519,408.60340103972703,252.6003069942817,6.197528645108075e-12,0.00085643197261044
advection_dominated,64,1,8192,24320,0.03125,asm_gmres,passed,13.967569024922946,13.362077064812183,14.457056066021323,13,60.578402946703136,74.09499690402299,44.27602648502216,2.633648739832023e-12,0.0008564319726018752
advection_dominated,64,1,8192,24320,0.03125,amgx_pbicgstab_dilu,passed,18.552220969771344,18.380125984549522,18.770135939121246,91,29.65602301992476,48.13401703722775,33.257071510888636,1.3988449766766428e-12,0.0008564319726183677
advection_dominated,64,1,8192,24320,0.03125,amgx_pbicgstab_amg,passed,98.49616299228121,98.4856910072267,98.50175096653402,20,311.1589610343799,409.4925010576844,253.99677403038368,2.3415681579518155e-12,0.0008564319726117936
advection_dominated,64,1,8192,24320,0.03125,amgx_fgmres_dilu,passed,177.5835273632159,176.70728103257716,178.35110204759985,300,30.317881028167903,208.87603401206434,193.41899699065834,9.017961361826944e-12,0.0008564319729204831
anisotropic,64,1,8192,24320,0.03125,asm_gmres,passed,43.84025667483608,41.72267497051507,47.13780398014933,24,76.34923595469445,116.32527189794928,80.14819846721366,5.832418566906961e-12,0.0008118014028803917
anisotropic,64,1,8192,24320,0.03125,amgx_pbicgstab_amg,passed,153.4390626863266,153.3440010389313,153.49910396616906,62,77.34560698736459,230.93664296902716,192.14032200397924,9.768954167352179e-12,0.0008118014028866199
anisotropic,64,1,8192,24320,0.03125,amgx_fgmres_amg,passed,192.52845866139978,188.9165829634294,194.46972105652094,106,76.08479703776538,271.00662200246006,230.4044515476562,8.191774547898297e-12,0.0008118014028848695
trigonometric,64,2,8192,36480,0.03125,amgx_pbicgstab_amg,passed,32.70892632038643,32.66102401539683,32.75760798715055,19,57.67945991829038,90.35547787789255,61.53181241825223,8.018052439769232e-12,1.559992850282862e-05
trigonometric,64,2,8192,36480,0.03125,amgx_fgmres_amg,passed,40.31606538531681,40.01617303583771,40.64474708866328,34,56.25357397366315,98.05668506305665,69.17198054725304,4.888627297439816e-12,1.5599928502825198e-05
trigonometric,64,2,8192,36480,0.03125,native_hp,passed,42.705740042341255,41.429379023611546,44.46954501327127,53,75.00302395783365,118.73849492985755,81.40021108556539,2.723281592462966e-13,1.5599928502825435e-05
trigonometric,64,2,8192,36480,0.03125,asm_gmres,passed,27.516336374295253,25.399125064723194,30.348535045050085,26,68.5541529674083,97.13364287745208,63.442779530305415,5.566247186348947e-12,1.5599928499234686e-05
advection_dominated,64,2,8192,36480,0.03125,amgx_pbicgstab_amg,passed,98.84155095399667,98.78799598664045,98.86873094365001,19,189.2483049305156,287.94929885771126,193.36864742217585,7.66508235064204e-12,1.4620181349670999e-05
advection_dominated,64,2,8192,36480,0.03125,amgx_fgmres_amg,passed,92.33569904851417,92.1021819813177,92.69004908856004,31,183.74865606892854,275.8679910330102,184.27902006078511,6.828493705204661e-12,1.462018134480666e-05
advection_dominated,64,2,8192,36480,0.03125,amgx_fgmres_dilu,passed,119.66681301904221,119.35366701800376,120.20022002980113,150,32.30733203236014,160.03901697695255,140.11961850337684,9.998248662415441e-12,1.462018159264902e-05
advection_dominated,64,2,8192,36480,0.03125,asm_gmres,passed,12.334931991063058,12.058947933837771,12.760133016854525,12,74.15868400130421,86.54796495102346,49.303456442430615,7.621419258437021e-12,1.4620181333067488e-05
advection_dominated,64,2,8192,36480,0.03125,amgx_pbicgstab_dilu,passed,16.98743299736331,16.90089702606201,17.046942957676947,74,32.385656028054655,49.28520298562944,33.16607297165319,3.415625271482529e-12,1.4620181348276593e-05
anisotropic,64,2,8192,36480,0.03125,amgx_fgmres_amg,passed,257.6438413622479,256.7992570111528,258.7601200211793,106,150.2683920552954,407.7051180647686,333.15230504376814,9.899843748640606e-12,1.0980241369306068e-05
anisotropic,64,2,8192,36480,0.03125,asm_gmres,passed,48.578095311919846,47.528170980513096,50.00486900098622,27,82.13418093509972,130.9610060416162,90.48293752130121,1.0594185160294455e-12,1.0980241369654649e-05
anisotropic,64,2,8192,36480,0.03125,amgx_pbicgstab_amg,passed,257.48117500916123,257.37672904506326,257.56307400297374,71,149.66937701683491,407.1971970843151,332.35255000181496,5.366719408768234e-12,1.098024136945884e-05
trigonometric,64,3,8192,48640,0.03125,amgx_pbicgstab_amg,passed,58.9894336493065,58.92124702222645,59.03541098814458,26,77.50468503218144,136.28576695919037,97.64870494836941,3.2517230821908987e-12,1.6477744823606023e-07
trigonometric,64,3,8192,48640,0.03125,native_hp,passed,47.40815330296755,46.25656898133457,48.10865200124681,58,80.83415206056088,128.1491219997406,88.00418046303093,3.615211840348076e-13,1.6477744823654115e-07
trigonometric,64,3,8192,48640,0.03125,asm_gmres,passed,59.616490616463125,59.18060091789812,60.113072977401316,56,78.2041329657659,135.20875095855445,97.3822744563222,3.696312417327599e-13,1.647774482350977e-07
trigonometric,64,3,8192,48640,0.03125,amgx_fgmres_amg,passed,62.10882969511052,61.08112505171448,62.740845954976976,40,77.75777892675251,140.110484091565,101.30750108510256,5.3708734286067305e-12,1.6477744823779805e-07
advection_dominated,64,3,8192,48640,0.03125,asm_gmres,passed,13.33307366197308,13.082082034088671,13.771660975180566,12,76.22407202143222,89.32930103037506,51.550481002777815,9.88152006409627e-12,1.2585524580579576e-07
advection_dominated,64,3,8192,48640,0.03125,amgx_pbicgstab_amg,passed,60.725511012909315,60.71350502315909,60.73211599141359,20,61.12375599332154,121.86675192788243,91.29012847552076,5.321288496687798e-12,1.2585527542966808e-07
advection_dominated,64,3,8192,48640,0.03125,amgx_fgmres_dilu,passed,144.46197100915015,143.4603569796309,145.0632370542735,177,34.95974407996982,178.64328902214766,161.85326303821057,9.465113607357706e-12,1.258546308271088e-07
advection_dominated,64,3,8192,48640,0.03125,amgx_pbicgstab_dilu,passed,19.807793704482417,19.757593981921673,19.84613505192101,78,33.123328001238406,52.83850501291454,36.342320032417774,3.354985945142396e-14,1.258552751581765e-07
advection_dominated,64,3,8192,48640,0.03125,amgx_fgmres_amg,passed,61.09695365497222,60.57828897610307,61.70633400324732,33,60.924964025616646,121.71202700119466,91.35913249338046,3.2041124464715177e-12,1.2585527608166322e-07
anisotropic,64,3,8192,48640,0.03125,amgx_fgmres_amg,passed,331.49269863497466,331.28024998586625,331.69608493335545,107,253.11755295842886,584.7390480339527,458.2175664836541,8.837420134485356e-12,1.168978333382708e-07
anisotropic,64,3,8192,48640,0.03125,asm_gmres,passed,89.94911766300599,89.23708403017372,90.72251198813319,51,91.15218603983521,178.8384529063478,134.36310493852943,3.040665567085076e-13,1.1689783294723984e-07
anisotropic,64,3,8192,48640,0.03125,amgx_pbicgstab_amg,passed,293.6084067138533,293.4953810181469,293.81265805568546,60,256.05864205863327,549.1351690143347,421.47391353501007,9.185323865508218e-12,1.1689783301565946e-07
trigonometric,64,4,8192,60800,0.03125,asm_gmres,passed,64.530903318276,62.46980302967131,65.70490298327059,60,86.2182950368151,148.5329989809543,106.97550146142021,5.053203541735317e-13,1.4513643869483828e-09
trigonometric,64,4,8192,60800,0.03125,amgx_pbicgstab_amg,passed,89.10296966011326,88.98760098963976,89.22456693835557,27,110.43222295120358,199.46853595320135,144.2826385027729,9.297946726231471e-12,1.4513643828024971e-09
trigonometric,64,4,8192,60800,0.03125,amgx_fgmres_amg,passed,92.0899622918417,91.16940200328827,92.59450796525925,44,107.77943395078182,200.26479894295335,146.4296534541063,9.216517037146987e-12,1.4513643772634898e-09
trigonometric,64,4,8192,60800,0.03125,native_hp,passed,50.41119498976817,49.75115705747157,51.49873101618141,60,89.97240604367107,139.8002930218354,94.89199495874345,5.094583715756476e-13,1.4513643925403645e-09
advection_dominated,64,4,8192,60800,0.03125,asm_gmres,passed,26.645961333997548,25.667125009931624,27.293512015603483,24,85.57524904608727,112.90884006302804,69.28798253647983,5.791028381664693e-15,1.3035139199647582e-09
advection_dominated,64,4,8192,60800,0.03125,amgx_pbicgstab_dilu,passed,26.51012669472645,26.423858013004065,26.565780048258603,74,35.89886205736548,62.223570072092116,44.39467506017536,8.313567133693114e-12,1.3035419305876822e-09
advection_dominated,64,4,8192,60800,0.03125,amgx_fgmres_amg,passed,75.32928763733555,74.3579959962517,76.40302798245102,32,72.45668210089207,154.7603600192815,114.5591780077666,4.6024686454788666e-12,1.3035120654148493e-09
advection_dominated,64,4,8192,60800,0.03125,amgx_pbicgstab_amg,passed,79.97370433683197,79.94830899406224,80.01614699605852,20,74.08513803966343,153.99658994283527,116.9766234816052,7.731165819415983e-13,1.3035138866076745e-09
advection_dominated,64,4,8192,60800,0.03125,amgx_fgmres_dilu,passed,141.43006627758345,138.48973391577601,144.82603000942618,163,35.37848102860153,180.31775602139533,160.85819801082835,9.716492591427915e-12,1.3033509033213888e-09
anisotropic,64,4,8192,60800,0.03125,asm_gmres,passed,50.56033000194778,50.29990605544299,50.9167299605906,28,104.38071901444346,155.904404935427,103.4105674480088,9.040008219248432e-12,1.0340296155122161e-09
anisotropic,64,4,8192,60800,0.03125,amgx_pbicgstab_amg,passed,386.05057599488646,385.9815200557932,386.1068309051916,63,388.3513269247487,774.2071249522269,580.1569779287092,7.29611251025875e-12,1.0340256998686405e-09
anisotropic,64,4,8192,60800,0.03125,amgx_fgmres_amg,passed,394.46232564902556,394.0303159179166,395.04563296213746,106,387.3403990874067,781.8314040778205,588.0712160724215,9.034918579569712e-12,1.0340256943471526e-09
trigonometric,64,6,8192,85120,0.03125,amgx_pbicgstab_amg,passed,133.48025269806385,133.47461505327374,133.48347507417202,27,229.21599098481238,362.46970994398,247.97216249862686,9.234438974179638e-12,1.2574957818710943e-13
trigonometric,64,6,8192,85120,0.03125,native_hp,passed,55.24575535673648,54.559882963076234,56.135477032512426,65,120.50495704170316,176.9503840478137,115.99614506121725,7.638634216149896e-13,1.1817917177166716e-13
trigonometric,64,6,8192,85120,0.03125,amgx_fgmres_amg,passed,153.67757497976223,153.11127994209528,154.11026892252266,51,227.25931101012975,381.4180860063061,267.7641774644144,7.519547843247832e-12,1.3090351623380757e-13
trigonometric,64,6,8192,85120,0.03125,asm_gmres,passed,95.61787537919979,94.68828607350588,96.77426901180297,65,114.99451997224241,210.94001596793532,153.2047389773652,7.604878051799496e-13,1.129003226566066e-13
advection_dominated,64,6,8192,85120,0.03125,amgx_fgmres_amg,passed,148.2167939733093,147.29648898355663,149.91247095167637,29,595.0398010900244,741.8344171019271,444.9617000645958,2.3653421783218517e-12,2.017111113827212e-13
advection_dominated,64,6,8192,85120,0.03125,amgx_pbicgstab_dilu,passed,27.277850351917248,27.1853570593521,27.357423910871148,76,43.6126699205488,70.92049694620073,49.13896042853594,5.2848059768051695e-12,1.2023070856918091e-12
advection_dominated,64,6,8192,85120,0.03125,amgx_pbicgstab_amg,passed,156.35195432696491,156.19762404821813,156.55033092480153,17,599.2076809052378,755.2591249113902,455.9047279180959,2.1726580969279856e-12,3.4785662698079123e-13
advection_dominated,64,6,8192,85120,0.03125,amgx_fgmres_dilu,passed,148.22163599698493,147.01879199128598,149.23242898657918,152,42.43402602151036,192.23889498971403,169.6288434905,9.585783329367375e-12,3.3168900172351567e-12
advection_dominated,64,6,8192,85120,0.03125,asm_gmres,passed,20.501090330071747,20.235541043803096,20.68043395411223,13,110.42148002889007,131.3044970156625,75.99246548488736,3.4143113853683484e-13,7.775410676630205e-14
anisotropic,64,6,8192,85120,0.03125,amgx_pbicgstab_amg,passed,425.71552567339194,425.58822105638683,425.78199796844274,63,484.1379940044135,909.497351036407,667.5427860463969,7.446293061158277e-12,1.2840233044598016e-13
anisotropic,64,6,8192,85120,0.03125,amgx_fgmres_amg,passed,448.08424400010455,447.8752959985286,448.40897701215,110,483.6090279277414,932.0211309241131,689.9482134613208,9.42068775328762e-12,1.4632965484638486e-13
anisotropic,64,6,8192,85120,0.03125,asm_gmres,passed,144.12445462464044,142.61911099310964,146.54061093460768,54,124.77570597548038,268.4433601098135,207.4919855222106,6.163020022908363e-13,1.1563919170523781e-13
trigonometric,128,6,32768,342272,0.015625,asm_gmres,passed,921.6195433400571,918.5497330036014,924.2502630222589,126,453.3488570014015,1375.0467579811811,1148.2965795439668,3.0683029694200555e-12,1.3615660174742047e-12
trigonometric,128,6,32768,342272,0.015625,amgx_pbicgstab_amg,passed,173.59827466619512,173.57454204466194,173.62886504270136,30,275.49463091418147,449.03730787336826,311.3059249590151,9.482190508443939e-12,1.3687505246597308e-12
trigonometric,128,6,32768,342272,0.015625,amgx_fgmres_amg,passed,185.196593326206,183.49274701904505,188.31468699499965,52,276.44862700253725,465.41693108156323,324.63902654126287,1.0027281217174595e-11,1.358349069224032e-12
trigonometric,128,6,32768,342272,0.015625,native_hp,passed,117.72182735148817,117.50119109638035,117.92012001387775,70,430.9156590607017,549.2056660586968,333.3534285775386,3.059825238836449e-12,1.360777814060436e-12
advection_dominated,128,6,32768,342272,0.015625,asm_gmres,passed,292.6036426409458,292.1396029414609,292.94352198485285,40,453.04870896507055,745.7180599449202,519.3307909648865,2.134132434337834e-14,8.251643430278411e-15
advection_dominated,128,6,32768,342272,0.015625,amgx_pbicgstab_amg,passed,326.14536098359775,322.6793910143897,333.0472109373659,20,255.76914905104786,578.5414511337876,450.868527055718,9.90700477668122e-12,9.808841416834138e-13
advection_dominated,128,6,32768,342272,0.015625,amgx_fgmres_amg,passed,312.4373699926461,308.27305000275373,315.8934499369934,36,255.17274101730436,561.7174310609698,438.8054404989816,8.87190152439005e-12,6.551495629482307e-13
advection_dominated,128,6,32768,342272,0.015625,amgx_pbicgstab_dilu,passed,124.57727136400838,124.55922004301101,124.60494600236416,145,119.0862120129168,243.50964499171823,184.03443251736462,4.304580166660806e-12,1.6914967271958193e-12
advection_dominated,128,6,32768,342272,0.015625,amgx_fgmres_dilu,passed,809.7893346954758,808.6591829778627,810.8338140882552,657,116.66232999414206,933.2615529419854,872.0476835151203,9.927868696053806e-12,3.99160098729207e-12
anisotropic,128,6,32768,342272,0.015625,asm_gmres,passed,833.5758363828063,830.5559000000358,836.6639150772244,60,488.50442306138575,1322.286511072889,1077.5774655630812,3.948165247318857e-12,3.290616508812032e-13
anisotropic,128,6,32768,342272,0.015625,amgx_pbicgstab_amg,passed,441.37198602159816,441.34582206606865,441.406495985575,63,399.9678660184145,841.5373110910878,641.4415665785782,1.0399659982565304e-11,5.550160894430534e-14
anisotropic,128,6,32768,342272,0.015625,amgx_fgmres_amg,passed,497.2049533389509,497.08425998687744,497.36082402523607,118,401.6963660251349,910.8212700812146,703.952765034046,9.938137454590362e-12,6.110833047419016e-14
trigonometric,223,6,99458,1041187,0.008968609865470852,amgx_pbicgstab_amg,passed,250.37755502853543,250.30265504028648,250.4170259926468,29,462.37548196222633,712.6034338725731,481.4530444564298,1.6526910658675957e-11,1.3558625017997837e-12
trigonometric,223,6,99458,1041187,0.008968609865470852,asm_gmres,passed,3468.7033790008477,3465.5810649273917,3470.9659840445966,150,1134.809074923396,4603.768807835877,4036.6659479332156,9.306151295202384e-12,1.3493963169364834e-12
trigonometric,223,6,99458,1041187,0.008968609865470852,amgx_fgmres_amg,passed,278.063448650452,276.7627459252253,280.2815739996731,54,463.60453905072063,746.4921760838479,511.6274610045366,1.4895261758351863e-11,1.3532261430534956e-12
trigonometric,223,6,99458,1041187,0.008968609865470852,native_hp,passed,277.8710680237661,276.20879001915455,280.4964230163023,71,1254.1658430127427,1530.4995171027258,903.7037540692836,9.329748621439176e-12,1.3700838578245074e-12
advection_dominated,223,6,99458,1041187,0.008968609865470852,amgx_pbicgstab_amg,passed,579.7394316565866,579.6006639720872,579.8348559765145,20,468.1499870494008,1047.7789480937645,813.7808615574613,6.579077438189518e-12,4.670899730120269e-13
advection_dominated,223,6,99458,1041187,0.008968609865470852,asm_gmres,passed,729.263168371593,728.2874310621992,730.1123180659488,32,1129.902089945972,1857.9064189689234,1293.0969250155613,7.940852174464516e-12,3.588643055967838e-13
advection_dominated,223,6,99458,1041187,0.008968609865470852,amgx_fgmres_amg,passed,569.4684203093251,567.5333209801465,571.4538570027798,37,464.06571101397276,1035.1593409432098,802.0382794784382,6.75105794735788e-12,4.129167736302026e-13
advection_dominated,223,6,99458,1041187,0.008968609865470852,amgx_fgmres_dilu,passed,2103.6310289831213,2103.0937710311264,2104.077226947993,964,311.594724887982,2423.31211687997,2263.6946719139814,9.69531611907591e-12,3.619413884310291e-12
advection_dominated,223,6,99458,1041187,0.008968609865470852,amgx_pbicgstab_dilu,passed,637.5405229628086,637.4585749581456,637.6095699379221,264,310.1233030902222,947.5309511180967,792.5702605280094,2.0588480934024555e-12,6.76031923016316e-13
anisotropic,223,6,99458,1041187,0.008968609865470852,asm_gmres,passed,6605.234402697533,6596.796936006285,6611.711930017918,150,1203.725722967647,7824.604163062759,7218.158046540339,7.670178170472375e-12,1.2986646030625723e-12
anisotropic,223,6,99458,1041187,0.008968609865470852,amgx_fgmres_amg,passed,694.6339796219642,694.255932001397,694.9798229616135,125,469.2167880712077,1184.2626191210002,939.2592755611986,1.262261399143026e-11,1.2906080331731442e-12
anisotropic,223,6,99458,1041187,0.008968609865470852,amgx_pbicgstab_amg,passed,621.8792663421482,621.746118995361,621.9732880126685,67,479.7195839928463,1101.3644619379193,861.6414269781671,1.6880813660656584e-11,1.290709058013699e-12
