geometry,case,nominal_n,p,triangles,trace_dofs,h,candidate,status,origin,mean,minimum,maximum,iterations,setup,fresh,amortized,residual,l2,failure_iterations,failure_residual
square,cellular7_high,32,6,2048,21056,0.0625,asm_d24,passed,new solve,15.066121666071316,14.599423971958458,15.308161964640021,14,36.45832801703364,51.6329420497641,33.11618301086128,4.425211249455325e-13,0.00018354501958188653,,
square,cellular7_high,32,6,2048,21056,0.0625,amg_fgmres,passed,new solve,132.10437365341932,131.83167902752757,132.45665794238448,45,236.21645395178348,366.6477638762444,249.55221090931445,8.319368004546628e-12,0.0001835450195800462,,
square,cellular7_high,32,6,2048,21056,0.0625,native_hp,passed,new solve,21.88150635144363,21.16836898494512,23.221125011332333,29,52.96854500193149,76.09672099351883,48.67587302578613,5.852714658375567e-12,0.00018354501957822467,,
square,cellular7_high,32,6,2048,21056,0.0625,amg_pbicgstab,passed,new solve,161.63355798926204,161.58638196066022,161.66194807738066,33,239.87380100879818,401.33152599446476,281.491934962105,8.65291210597825e-12,0.00018354501958087706,,
square,cellular7_weak,32,6,2048,21056,0.0625,asm_d24,passed,new solve,156.7552056706821,145.8695309702307,162.33727696817368,150,38.492589024826884,194.9611429590732,173.62971103284508,4.684694169003136e-16,0.0002936645701624702,,
square,cellular7_weak,32,6,2048,21056,0.0625,amg_fgmres,numerical_failure,new solve,,,,,,,,,,1000,0.00017240788442679018
square,cellular7_weak,32,6,2048,21056,0.0625,dilu_fgmres,numerical_failure,new solve,,,,,,,,,,1000,2.8620762024875157e-07
square,cellular7_weak,32,6,2048,21056,0.0625,dilu_pbicgstab,numerical_failure,new solve,,,,,,,,,,1000,9.820217953139417e-09
square,cellular7_weak,32,6,2048,21056,0.0625,amg_pbicgstab,numerical_failure,new solve,,,,,,,,,,1000,0.0013593110288667423
square,cellular7_directional,32,6,2048,21056,0.0625,asm_d48,passed,new solve,57.24521000714352,55.78772409353405,58.780096005648375,31,47.62422607745975,99.42044015042484,78.2389544765465,3.616361531092631e-12,7.833144178162313e-05,,
square,cellular7_directional,32,6,2048,21056,0.0625,amg_pbicgstab,numerical_failure,new solve,,,,,,,,,,1000,0.20942984821245808
square,cellular7_directional,32,6,2048,21056,0.0625,amg_fgmres,numerical_failure,new solve,,,,,,,,,,1000,0.08837407484218893
square,cellular7_high,64,1,8192,24320,0.03125,amg_pbicgstab,passed,new solve,270.83404699806124,269.3706520367414,273.73107394669205,57,316.2332219071686,585.7406249269843,427.5705199688673,9.976731581137291e-12,0.3066116717474716,,
square,cellular7_high,64,1,8192,24320,0.03125,asm_d24,passed,new solve,22.64243698058029,22.210424998775125,23.37909198831767,21,60.35579298622906,82.90902606677264,53.144059027545154,1.3572375776733102e-12,0.30661167174744264,,
square,cellular7_high,64,1,8192,24320,0.03125,amg_fgmres,passed,new solve,272.02448369159055,268.8776709837839,275.67327802535146,92,312.93485895730555,591.1697299452499,431.34611600544304,9.127621856222856e-12,0.30661167174751036,,
square,cellular7_high,64,1,8192,24320,0.03125,native_hp,passed,new solve,42.22971565711001,41.48560797329992,43.50765701383352,52,74.0720359608531,115.53175991866738,78.61382095143199,4.451692181595173e-15,0.3066116717474732,,
square,cellular7_weak,64,1,8192,24320,0.03125,amg_fgmres,passed,new solve,137.5845210471501,136.22835802379996,140.06232109386474,53,111.3026540260762,250.22501300554723,194.15468152146786,6.605632543435329e-12,0.21138822462385218,,
square,cellular7_weak,64,1,8192,24320,0.03125,asm_d24,passed,new solve,33.45446831857165,32.30732504744083,35.5115249985829,33,62.11008201353252,93.82016700692475,63.06374602718279,1.4426857452014386e-12,0.21138822462133852,,
square,cellular7_weak,64,1,8192,24320,0.03125,dilu_pbicgstab,passed,new solve,52.62752800869445,52.23887600004673,53.28327801544219,257,29.333463055081666,82.2141810785979,67.74872954702005,9.30288331413509e-12,0.21138822463927107,,
square,cellular7_weak,64,1,8192,24320,0.03125,amg_pbicgstab,passed,new solve,133.66672163829207,133.64686397835612,133.69785493705422,32,109.33710401877761,242.80944000929594,188.23151098331437,9.895875344708955e-12,0.21138822462674903,,
square,cellular7_weak,64,1,8192,24320,0.03125,dilu_fgmres,passed,new solve,279.81166266060126,278.44175801146775,280.7186370482668,500,30.5855869082734,311.91223696805537,295.56878353469074,9.749337488554112e-12,0.2113882247412015,,
square,cellular7_directional,64,1,8192,24320,0.03125,asm_d48,passed,new solve,56.01684302867701,54.88771805539727,56.95747199933976,33,73.74566001817584,131.1672650044784,93.68630201788619,3.0167718273263635e-13,0.22505914606120264,,
square,cellular7_directional,64,1,8192,24320,0.03125,amg_pbicgstab,numerical_failure,new solve,,,,,,,,,,1000,0.08851826833316068
square,cellular7_directional,64,1,8192,24320,0.03125,amg_fgmres,numerical_failure,new solve,,,,,,,,,,1000,0.05740603810600417
square,cellular7_high,64,2,8192,36480,0.03125,amg_pbicgstab,passed,new solve,34.25927696904788,32.83211693633348,36.98151302523911,19,60.6756069464609,93.36551488377154,63.61988699063659,7.355193249496906e-12,0.036435074885959984,,
square,cellular7_high,64,2,8192,36480,0.03125,amg_fgmres,passed,new solve,38.46738568972796,38.332820986397564,38.70044799987227,32,56.97144102305174,94.54054199159145,66.45471503725275,4.239013101106367e-12,0.036435074885983486,,
square,cellular7_high,64,2,8192,36480,0.03125,native_hp,passed,new solve,45.04512898468723,44.62278995197266,45.77468999195844,55,75.29484597034752,118.8553828978911,82.27871701819822,6.984798806142967e-15,0.036435074885981786,,
square,cellular7_high,64,2,8192,36480,0.03125,asm_d24,passed,new solve,22.560047994678218,21.85712696518749,23.463459103368223,22,69.40223497804254,92.60647394694388,58.03496652515605,2.77164752920058e-12,0.0364350748859426,,
square,cellular7_weak,64,2,8192,36480,0.03125,amg_pbicgstab,passed,new solve,464.49779633743066,458.7701989803463,475.89527105446905,120,64.78412100113928,523.9271570462734,491.377538011875,8.86718341833136e-12,0.041370327546951184,,
square,cellular7_weak,64,2,8192,36480,0.03125,amg_fgmres,passed,new solve,526.0852727030093,526.0367910377681,526.117317029275,201,65.47950906679034,590.102746966295,558.0697690020315,9.440902367218307e-12,0.04137032756900164,,
square,cellular7_weak,64,2,8192,36480,0.03125,dilu_fgmres,passed,new solve,796.6770310110102,790.7588350353763,799.8367369873449,967,32.957580988295376,840.8157319063321,820.3262344468385,9.85891094911561e-12,0.041370327527801266,,
square,cellular7_weak,64,2,8192,36480,0.03125,asm_d24,passed,new solve,63.43842899271598,61.61518697626889,64.6788600133732,62,69.44586709141731,127.90765310637653,96.29325655987486,7.221109147244228e-13,0.041370327566669154,,
square,cellular7_weak,64,2,8192,36480,0.03125,dilu_pbicgstab,passed,new solve,206.90068967329958,206.51696005370468,207.5978050706908,914,33.17604307085276,240.3619351098314,223.43944758176804,8.074562677745633e-12,0.0413703274901983,,
square,cellular7_directional,64,2,8192,36480,0.03125,amg_fgmres,numerical_failure,new solve,,,,,,,,,,1000,0.060999662667952446
square,cellular7_directional,64,2,8192,36480,0.03125,asm_d48,passed,new solve,87.37212264289458,85.72406193707138,88.89375603757799,50,82.4012610828504,168.42989507131279,127.31779599562287,7.542484632878649e-13,0.018372889808264712,,
square,cellular7_directional,64,2,8192,36480,0.03125,amg_pbicgstab,numerical_failure,new solve,,,,,,,,,,1000,0.18062347570826595
square,cellular7_high,64,3,8192,48640,0.03125,amg_pbicgstab,passed,new solve,51.18789271606753,51.161088049411774,51.217975094914436,22,78.10166000854224,129.00048098526895,90.1092280400917,9.771765489059445e-12,0.003719845617758619,,
square,cellular7_high,64,3,8192,48640,0.03125,native_hp,passed,new solve,50.118805336145066,48.50768100004643,51.14454100839794,61,82.43455504998565,131.83227111585438,91.2682325579226,9.150553040600521e-15,0.0037198456177541766,,
square,cellular7_high,64,3,8192,48640,0.03125,asm_d24,passed,new solve,24.02764974006762,23.004636052064598,25.057287071831524,23,77.81727495603263,101.12991603091359,63.03924159146845,4.530405442614116e-12,0.0037198456177542894,,
square,cellular7_high,64,3,8192,48640,0.03125,amg_fgmres,passed,new solve,54.340622620657086,53.247061907313764,55.681830970570445,37,77.63575692661107,133.81170597858727,93.928225513082,7.073473682536412e-12,0.0037198456177527047,,
square,cellular7_weak,64,3,8192,48640,0.03125,asm_d24,passed,new solve,147.28264739581695,144.33449506759644,151.26066305674613,150,76.93938398733735,221.35999600868672,184.29612304316834,6.27545108275667e-16,0.003672164875561513,,
square,cellular7_weak,64,3,8192,48640,0.03125,amg_pbicgstab,numerical_failure,new solve,,,,,,,,,,1000,0.0006362877287454024
square,cellular7_weak,64,3,8192,48640,0.03125,dilu_fgmres,numerical_failure,new solve,,,,,,,,,,1000,1.5807797892859824e-07
square,cellular7_weak,64,3,8192,48640,0.03125,dilu_pbicgstab,numerical_failure,new solve,,,,,,,,,,1000,1.8189853220619262e-08
square,cellular7_weak,64,3,8192,48640,0.03125,amg_fgmres,numerical_failure,new solve,,,,,,,,,,1000,0.0005685799753289939
square,cellular7_directional,64,3,8192,48640,0.03125,amg_fgmres,numerical_failure,new solve,,,,,,,,,,1000,0.15330375474022087
square,cellular7_directional,64,3,8192,48640,0.03125,asm_d48,passed,new solve,94.64426164049655,93.37531996425241,96.45211696624756,55,90.76908195856959,186.44496600609273,140.2751569985412,6.028103124542781e-13,0.001572532108250228,,
square,cellular7_directional,64,3,8192,48640,0.03125,amg_pbicgstab,numerical_failure,new solve,,,,,,,,,,1000,0.283537074303233
square,cellular7_high,64,4,8192,60800,0.03125,asm_d24,passed,new solve,27.638631329561274,26.238664984703064,28.833560994826257,25,86.87081700190902,113.40000398922712,70.62183599919081,3.059651555168408e-12,0.0003241353059964895,,
square,cellular7_high,64,4,8192,60800,0.03125,amg_pbicgstab,passed,new solve,85.0401083395506,85.00750397797674,85.1023750146851,24,114.35795400757343,199.14651103317738,142.12444302393124,9.383696588371037e-12,0.00032413530600549945,,
square,cellular7_high,64,4,8192,60800,0.03125,amg_fgmres,passed,new solve,90.73464033038665,90.62276198528707,90.85019503254443,41,113.59278904274106,203.90618406236172,147.3185740178451,9.5083598908344e-12,0.0003241353060083713,,
square,cellular7_high,64,4,8192,60800,0.03125,native_hp,passed,new solve,55.33072464944174,54.31164801120758,56.08280503656715,63,86.67562296614051,140.98014996852726,97.64589898986742,1.2525587394802308e-14,0.0003241353060085646,,
square,cellular7_weak,64,4,8192,60800,0.03125,asm_d24,passed,new solve,160.272728651762,159.57637305837125,161.10592591576278,150,88.18816510029137,248.07845300529152,203.82741303183138,6.723171286219993e-16,0.0002575027306874023,,
square,cellular7_weak,64,4,8192,60800,0.03125,dilu_pbicgstab,numerical_failure,new solve,,,,,,,,,,1000,1.0349343211662472e-07
square,cellular7_weak,64,4,8192,60800,0.03125,amg_fgmres,numerical_failure,new solve,,,,,,,,,,1000,0.02412520287656542
square,cellular7_weak,64,4,8192,60800,0.03125,amg_pbicgstab,numerical_failure,new solve,,,,,,,,,,1000,0.015998156121186897
square,cellular7_weak,64,4,8192,60800,0.03125,dilu_fgmres,numerical_failure,new solve,,,,,,,,,,1000,1.8232681321016012e-06
square,cellular7_directional,64,4,8192,60800,0.03125,asm_d48,passed,new solve,113.6336987062047,113.3212010608986,114.1912880120799,62,102.0761129911989,217.84729696810246,165.58424901450053,1.3962253958567363e-12,0.0001374316387780903,,
square,cellular7_directional,64,4,8192,60800,0.03125,amg_pbicgstab,numerical_failure,new solve,,,,,,,,,,1000,0.16951805201700373
square,cellular7_directional,64,4,8192,60800,0.03125,amg_fgmres,numerical_failure,new solve,,,,,,,,,,1000,0.10805529204731279
square,cellular7_high,64,6,8192,85120,0.03125,amg_pbicgstab,passed,new solve,138.97317632411918,138.93956993706524,139.01100307703018,27,242.0635379385203,380.7756219757721,259.85759595641866,8.156574563940204e-12,1.5813345097801e-06,,
square,cellular7_high,64,6,8192,85120,0.03125,native_hp,passed,new solve,57.09633134150257,55.87387201376259,57.86208005156368,65,116.92980502266437,174.11871999502182,115.99040002329275,1.8941305166030997e-14,1.5813345084867763e-06,,
square,cellular7_high,64,6,8192,85120,0.03125,amg_fgmres,passed,new solve,151.47528459783643,150.5816059652716,152.25960093084723,48,238.43550006859004,385.47516614198685,268.52990651968867,5.735714847216593e-12,1.581334508362384e-06,,
square,cellular7_high,64,6,8192,85120,0.03125,asm_d24,passed,new solve,43.02695898028711,42.9515769938007,43.11268893070519,27,113.19652898237109,156.14940598607063,99.58300850121304,4.409660330798854e-12,1.5813345061503532e-06,,
square,cellular7_weak,64,6,8192,85120,0.03125,amg_fgmres,numerical_failure,reused existing square result,,,,,,,,,,1000,3.4510215628315345e-06
square,cellular7_weak,64,6,8192,85120,0.03125,dilu_pbicgstab,numerical_failure,reused existing square result,,,,,,,,,,1000,6.245497777183249e-07
square,cellular7_weak,64,6,8192,85120,0.03125,amg_pbicgstab,passed,reused existing square result,6809.642369354454,6801.414023037069,6815.65911101643,672,299.6343079721555,7129.100601072423,6970.477287541144,5.691663440118498e-12,1.1667546266134754e-06,,
square,cellular7_weak,64,6,8192,85120,0.03125,dilu_fgmres,numerical_failure,new solve,,,,,,,,,,1000,2.0242958868355265e-05
square,cellular7_weak,64,6,8192,85120,0.03125,asm_d24,passed,reused existing square result,245.19898765720427,243.86469402816147,246.4803799521178,150,113.32824302371591,357.408348005265,301.33011849829927,7.978738932261247e-16,1.1667507781085915e-06,,
square,cellular7_directional,64,6,8192,85120,0.03125,amg_pbicgstab,numerical_failure,new solve,,,,,,,,,,1000,2.294374622030583
square,cellular7_directional,64,6,8192,85120,0.03125,amg_fgmres,numerical_failure,new solve,,,,,,,,,,1000,0.104454247824046
square,cellular7_directional,64,6,8192,85120,0.03125,asm_d48,passed,new solve,370.92698997973156,369.78708393871784,372.2853109939024,132,125.63883210532367,496.371838147752,433.5402065771632,1.769171009111162e-14,5.806719180908633e-07,,
square,cellular7_high,128,6,32768,342272,0.015625,asm_d24,passed,new solve,842.7009502969062,841.4857189636678,845.0206769630313,115,453.24878103565425,1302.0379730733112,1071.8172140186653,7.465374770502558e-14,1.2722724323721873e-08,,
square,cellular7_high,128,6,32768,342272,0.015625,amg_pbicgstab,passed,new solve,170.42205630180737,170.3814029460773,170.49293196760118,28,290.13921110890806,460.32812108751386,315.4105265275575,8.522548555573672e-12,1.2722724450149865e-08,,
square,cellular7_high,128,6,32768,342272,0.015625,amg_fgmres,passed,new solve,192.94719599808255,181.6559430444613,206.05937903746963,49,294.39295502379537,494.193502003327,341.48946253117174,7.532489511886083e-12,1.2722724377610734e-08,,
square,cellular7_high,128,6,32768,342272,0.015625,native_hp,passed,new solve,126.44347866686682,123.77930502407253,131.6419580252841,71,422.7424890268594,546.3206151034683,336.46812406368554,7.488289433639206e-14,1.2722724326333228e-08,,
square,cellular7_weak,128,6,32768,342272,0.015625,asm_d24,passed,new solve,1646.4880713416885,1642.7850340260193,1651.1379490839317,225,458.24608800467104,2108.2710449118167,1879.7044969978742,1.6646689580604045e-15,6.470062611401152e-09,,
square,cellular7_weak,128,6,32768,342272,0.015625,amg_pbicgstab,passed,new solve,15752.25526734721,15733.454918023199,15762.448200024664,896,551.2276769150048,16311.980667058378,16037.214433541521,9.258621055955026e-12,7.06379654767733e-09,,
square,cellular7_weak,128,6,32768,342272,0.015625,amg_fgmres,numerical_failure,new solve,,,,,,,,,,1000,7.994503953752936e-05
square,cellular7_weak,128,6,32768,342272,0.015625,dilu_pbicgstab,numerical_failure,new solve,,,,,,,,,,1000,1.5820921683850895e-05
square,cellular7_weak,128,6,32768,342272,0.015625,dilu_fgmres,numerical_failure,new solve,,,,,,,,,,1000,0.0002198734647533059
square,cellular7_directional,128,6,32768,342272,0.015625,asm_d48,passed,new solve,2077.4169563471028,2073.8376900553703,2082.328835967928,150,481.4659559633583,2555.5941920029,2314.715941029135,1.3410730862572181e-12,3.816552743514799e-09,,
square,cellular7_directional,128,6,32768,342272,0.015625,amg_pbicgstab,numerical_failure,new solve,,,,,,,,,,1000,0.2551211841456894
square,cellular7_directional,128,6,32768,342272,0.015625,amg_fgmres,numerical_failure,new solve,,,,,,,,,,1000,0.08516562531046279
square,cellular7_high,223,6,99458,1041187,0.008968609865470852,amg_pbicgstab,passed,new solve,257.92910302213085,257.3342639952898,258.38943605776876,29,472.25303994491696,728.6598969949409,493.52466652635485,3.883548906198322e-12,2.6323524807822814e-10,,
square,cellular7_high,223,6,99458,1041187,0.008968609865470852,asm_d24,passed,new solve,3463.0467580088102,3461.350827012211,3464.40130204428,150,1124.3591059464961,4602.065242012031,4032.726693490986,2.2643192897061512e-13,2.632352114839008e-10,,
square,cellular7_high,223,6,99458,1041187,0.008968609865470852,amg_fgmres,passed,new solve,272.13066602901864,263.554246048443,287.23111806903034,50,474.27138802595437,756.0332531575114,512.6755960518494,7.72585426622494e-12,2.6323521260744165e-10,,
square,cellular7_high,223,6,99458,1041187,0.008968609865470852,native_hp,passed,new solve,299.01419366554666,298.76265896018595,299.2209260119125,74,1240.150936995633,1540.6857390189543,919.872367521748,2.2670394983469254e-13,2.632352201484312e-10,,
square,cellular7_weak,223,6,99458,1041187,0.008968609865470852,amg_pbicgstab,passed,new solve,22876.95485400036,22871.170394006185,22881.22772902716,659,651.4080689521506,23535.151536925696,23208.189632976428,9.4049966816423e-12,1.9456240807164796e-09,,
square,cellular7_weak,223,6,99458,1041187,0.008968609865470852,asm_d24,passed,new solve,6915.066415987288,6904.075008933432,6927.351898048073,300,1125.8635910926387,8040.607205010019,7478.715944103897,1.201248145611097e-12,1.5566765728929294e-09,,
square,cellular7_weak,223,6,99458,1041187,0.008968609865470852,amg_fgmres,passed,new solve,17054.304928674053,17044.579987064935,17059.840061934665,932,646.338450955227,17811.753623071127,17428.16680506803,9.722283887591832e-12,2.427096999093517e-09,,
square,cellular7_weak,223,6,99458,1041187,0.008968609865470852,dilu_fgmres,numerical_failure,new solve,,,,,,,,,,1000,0.00042221119660871794
square,cellular7_weak,223,6,99458,1041187,0.008968609865470852,dilu_pbicgstab,numerical_failure,new solve,,,,,,,,,,1000,0.0005177106669349282
square,cellular7_directional,223,6,99458,1041187,0.008968609865470852,asm_d48,passed,new solve,13158.99737198682,13144.923366024159,13173.363019013777,300,1188.2827880326658,14362.507099984214,13758.67718149675,9.007081397820794e-13,1.7261643524686304e-10,,
square,cellular7_directional,223,6,99458,1041187,0.008968609865470852,amg_fgmres,numerical_failure,new solve,,,,,,,,,,1000,0.10797321101897536
square,cellular7_directional,223,6,99458,1041187,0.008968609865470852,amg_pbicgstab,numerical_failure,new solve,,,,,,,,,,1000,0.4374985812641613
annulus,cellular7_high,32,6,2043,20482,0.06483642,asm_d24,passed,new solve,12.149429996497929,11.489780968986452,13.083014986477792,11,35.380973014980555,46.43776104785502,29.760388017166406,7.235479772933048e-13,1.593069570873474e-05,,
annulus,cellular7_high,32,6,2043,20482,0.06483642,amg_fgmres,passed,new solve,124.04173430210601,123.29574197065085,124.56147198099643,41,249.23366401344538,370.5952090676874,247.5783405243419,8.69622456613856e-12,1.5930695703496136e-05,,
annulus,cellular7_high,32,6,2043,20482,0.06483642,native_hp,passed,new solve,22.01691933441907,21.513242973014712,22.51599298324436,27,52.17491206713021,73.24587798211724,47.8809354826808,2.5484946736237597e-12,1.5930695708749306e-05,,
annulus,cellular7_high,32,6,2043,20482,0.06483642,amg_pbicgstab,passed,new solve,129.1586656589061,127.39912199322134,131.04310899507254,25,248.30352701246738,379.49403305538,253.44657752430066,9.78671088319098e-12,1.5930695711788826e-05,,
annulus,cellular7_weak,32,6,2043,20482,0.06483642,asm_d24,passed,new solve,142.29997464766106,137.40111596416682,146.3683230103925,150,35.21124098915607,176.6548230079934,161.51157300919294,4.988366091012507e-16,1.0363607767393277e-05,,
annulus,cellular7_weak,32,6,2043,20482,0.06483642,amg_fgmres,passed,new solve,1394.2257553183783,1387.0204780250788,1401.8407189287245,436,101.47168708499521,1494.3895530886948,1444.1028110450134,9.757721752309737e-12,1.0363710484635918e-05,,
annulus,cellular7_weak,32,6,2043,20482,0.06483642,dilu_fgmres,numerical_failure,new solve,,,,,,,,,,1000,2.9666313214684013e-10
annulus,cellular7_weak,32,6,2043,20482,0.06483642,dilu_pbicgstab,numerical_failure,new solve,,,,,,,,,,1000,2.5650662844854246e-09
annulus,cellular7_weak,32,6,2043,20482,0.06483642,amg_pbicgstab,passed,new solve,2234.7663183851787,2221.061830059625,2258.841466042213,454,102.2056610090658,2323.624433018267,2273.6021905438974,7.680222032277413e-12,1.0363564378646599e-05,,
annulus,cellular7_directional,32,6,2043,20482,0.06483642,asm_d48,passed,new solve,20.395817002281547,18.64621101412922,21.653705975040793,11,47.798740095458925,67.93910101987422,44.41331751877442,1.8156696912434316e-12,1.2668867775718902e-05,,
annulus,cellular7_directional,32,6,2043,20482,0.06483642,amg_pbicgstab,numerical_failure,new solve,,,,,,,,,,1000,0.06654217261947952
annulus,cellular7_directional,32,6,2043,20482,0.06483642,amg_fgmres,numerical_failure,new solve,,,,,,,,,,1000,0.0319806467323179
annulus,cellular7_high,64,1,8039,23570,0.03124461,amg_pbicgstab,passed,new solve,118.1697613792494,117.57696000859141,118.665412068367,25,322.79624009970576,441.67370919603854,279.97031062841415,5.464779243302496e-12,0.15246257197957197,,
annulus,cellular7_high,64,1,8039,23570,0.03124461,asm_d24,passed,new solve,17.86854436310629,16.76119409967214,19.125354010611773,17,59.95120003353804,77.88727304432541,47.324233571998775,3.647488390101467e-13,0.15246257197956858,,
annulus,cellular7_high,64,1,8039,23570,0.03124461,amg_fgmres,passed,new solve,98.25744099604587,96.61634196527302,99.12887797690928,35,321.27488998230547,420.44846108183265,259.78866952937096,9.075816374064587e-12,0.15246257197956167,,
annulus,cellular7_high,64,1,8039,23570,0.03124461,native_hp,passed,new solve,18.731285352259874,18.249194021336734,19.097502110525966,22,69.75353602319956,88.55652599595487,53.82701405324042,4.935824579932573e-12,0.1524625719795805,,
annulus,cellular7_weak,64,1,8039,23570,0.03124461,amg_fgmres,passed,new solve,180.01816033696136,177.0835160277784,182.78847995679826,63,115.60637899674475,295.19044409971684,238.59976296080276,8.321339806147761e-12,0.06739270027083578,,
annulus,cellular7_weak,64,1,8039,23570,0.03124461,asm_d24,passed,new solve,41.027928004041314,40.26621498633176,41.73338494729251,41,61.31467199884355,99.21954316087067,70.47646405408159,1.3244712796201053e-12,0.0673927002744749,,
annulus,cellular7_weak,64,1,8039,23570,0.03124461,dilu_pbicgstab,passed,new solve,76.14003230507176,73.9920319756493,77.27118395268917,344,30.62602400314063,108.32859494257718,91.60115499980748,9.755785554381053e-12,0.0673927002397539,,
annulus,cellular7_weak,64,1,8039,23570,0.03124461,amg_pbicgstab,passed,new solve,179.38097566366196,178.91056300140917,179.6770979417488,40,116.62894999608397,296.6034199343994,238.1402589380741,7.066477476344769e-12,0.0673927002893237,,
annulus,cellular7_weak,64,1,8039,23570,0.03124461,dilu_fgmres,passed,new solve,407.841345644556,392.00923091266304,423.82663302123547,517,31.79791697766632,462.68139290623367,435.18478295300156,9.679785060277614e-12,0.06739270037302068,,
annulus,cellular7_directional,64,1,8039,23570,0.03124461,asm_d48,passed,new solve,26.386456719289225,25.642987107858062,27.570810983888805,14,78.53246305603534,103.52585895452648,64.73571551032364,2.4079928349102356e-13,0.12920978427527446,,
annulus,cellular7_directional,64,1,8039,23570,0.03124461,amg_pbicgstab,numerical_failure,new solve,,,,,,,,,,1000,0.054671285281393874
annulus,cellular7_directional,64,1,8039,23570,0.03124461,amg_fgmres,numerical_failure,new solve,,,,,,,,,,1000,0.01857278949702857
annulus,cellular7_high,64,2,8039,35355,0.03124461,amg_pbicgstab,passed,new solve,34.067716682329774,34.014397067949176,34.13433500099927,18,63.063714071176946,96.98181913699955,65.51811855752021,9.639425559281777e-12,0.012447019388013174,,
annulus,cellular7_high,64,2,8039,35355,0.03124461,amg_fgmres,passed,new solve,38.247829962832235,38.00849593244493,38.67504105437547,30,61.51262403000146,98.71275897603482,68.67999042151496,6.322301700220976e-12,0.012447019388031024,,
annulus,cellular7_high,64,2,8039,35355,0.03124461,native_hp,passed,new solve,20.7599833374843,20.270079956389964,21.62239607423544,24,75.96450299024582,96.18543402757496,58.22775699198246,4.5810446592029674e-12,0.012447019388030525,,
annulus,cellular7_high,64,2,8039,35355,0.03124461,asm_d24,passed,new solve,20.290958035426836,19.446449005044997,21.678706048987806,18,62.5399419805035,80.2997009595856,50.90249952627346,2.2991370238797132e-12,0.012447019388029057,,
annulus,cellular7_weak,64,2,8039,35355,0.03124461,amg_pbicgstab,passed,new solve,616.0255343808482,615.8771259943023,616.2946190452203,160,62.92383896652609,680.017899023369,647.9475125088356,6.694769776923297e-12,0.010348231614072148,,
annulus,cellular7_weak,64,2,8039,35355,0.03124461,amg_fgmres,passed,new solve,591.7606359968582,590.5502210371196,593.6178419506177,220,63.6043359991163,653.4721339121461,623.3038540231064,9.196790397641391e-12,0.0103482317651736,,
annulus,cellular7_weak,64,2,8039,35355,0.03124461,dilu_fgmres,numerical_failure,new solve,,,,,,,,,,1000,6.87025491590296e-08
annulus,cellular7_weak,64,2,8039,35355,0.03124461,asm_d24,passed,new solve,144.37868570288023,138.33479396998882,148.91782205086201,150,59.05231100041419,200.79720404464751,173.34032256621867,7.871080976604202e-16,0.010348231569433434,,
annulus,cellular7_weak,64,2,8039,35355,0.03124461,dilu_pbicgstab,numerical_failure,new solve,,,,,,,,,,1000,9.60889082088986e-08
annulus,cellular7_directional,64,2,8039,35355,0.03124461,amg_fgmres,numerical_failure,new solve,,,,,,,,,,1000,0.034382973993608984
annulus,cellular7_directional,64,2,8039,35355,0.03124461,asm_d48,passed,new solve,34.28613029730817,33.29067793674767,35.3439919417724,20,73.6835909774527,108.56580198742449,71.95489696459845,2.1344108399466443e-13,0.010420906912908158,,
annulus,cellular7_directional,64,2,8039,35355,0.03124461,amg_pbicgstab,numerical_failure,new solve,,,,,,,,,,1000,0.11787662569037569
annulus,cellular7_high,64,3,8039,47140,0.03124461,amg_pbicgstab,passed,new solve,50.26746137688557,50.16509699635208,50.39946304168552,20,80.31809108797461,130.56605600286275,90.48275952227414,8.863326911612506e-12,0.0008620962476148593,,
annulus,cellular7_high,64,3,8039,47140,0.03124461,native_hp,passed,new solve,22.60587636070947,22.25735306274146,23.151200031861663,26,79.33118497021496,101.23614396434277,62.19367199810222,5.294154123456554e-12,0.0008620962476067352,,
annulus,cellular7_high,64,3,8039,47140,0.03124461,asm_d24,passed,new solve,20.790612635513146,20.07203595712781,22.081199917010963,20,76.32321398705244,97.69977000541985,58.95918601891026,2.644734415063618e-12,0.0008620962476124916,,
annulus,cellular7_high,64,3,8039,47140,0.03124461,amg_fgmres,passed,new solve,57.220752661426864,56.95215694140643,57.40001203957945,35,82.64757297001779,138.33971414715052,97.82490157522261,6.247439835978959e-12,0.00086209624760901,,
annulus,cellular7_weak,64,3,8039,47140,0.03124461,asm_d24,passed,new solve,147.88287800426284,144.05920600984246,153.30550400540233,150,74.36883903574198,220.4647760372609,183.37435001740232,1.5786876156791018e-13,0.0003012049906615171,,
annulus,cellular7_weak,64,3,8039,47140,0.03124461,amg_pbicgstab,passed,new solve,2200.1928933508075,2198.8325560232624,2200.8841179776937,458,89.30487302131951,2294.801931013353,2246.817243518308,9.592868472269333e-12,0.0003012052147121481,,
annulus,cellular7_weak,64,3,8039,47140,0.03124461,dilu_fgmres,numerical_failure,new solve,,,,,,,,,,1000,3.247635058239867e-07
annulus,cellular7_weak,64,3,8039,47140,0.03124461,dilu_pbicgstab,numerical_failure,new solve,,,,,,,,,,1000,1.062141032740335e-06
annulus,cellular7_weak,64,3,8039,47140,0.03124461,amg_fgmres,passed,new solve,3106.3252260209993,3095.0148990377784,3128.2407459802926,973,91.72298002522439,3187.313008005731,3150.945354020223,9.9031314001209e-12,0.0003012050545232709,,
annulus,cellular7_directional,64,3,8039,47140,0.03124461,amg_fgmres,numerical_failure,new solve,,,,,,,,,,1000,0.02056002239981813
annulus,cellular7_directional,64,3,8039,47140,0.03124461,asm_d48,passed,new solve,40.102874006455146,38.19151106290519,41.9394220225513,23,90.42066906113178,131.11129903700203,86.52536052977666,3.111355310267847e-13,0.0007137913521977614,,
annulus,cellular7_directional,64,3,8039,47140,0.03124461,amg_pbicgstab,numerical_failure,new solve,,,,,,,,,,1000,0.03224909676745549
annulus,cellular7_high,64,4,8039,58925,0.03124461,asm_d24,passed,new solve,23.985313717275858,22.80336804687977,24.962585070170462,21,73.6978460336104,96.15164110437036,60.55711308727041,7.853021847220752e-13,4.851445611302351e-05,,
annulus,cellular7_high,64,4,8039,58925,0.03124461,amg_pbicgstab,passed,new solve,81.43887533030163,81.36031904723495,81.51452802121639,23,111.68485693633556,192.8647388704121,137.11252895882353,2.4338000829890865e-12,4.851445611290554e-05,,
annulus,cellular7_high,64,4,8039,58925,0.03124461,amg_fgmres,passed,new solve,83.17677300268163,79.51958605553955,88.60808296594769,37,111.31406400818378,192.54257692955434,136.03108149254695,8.767974610893183e-12,4.851445611328041e-05,,
annulus,cellular7_high,64,4,8039,58925,0.03124461,native_hp,passed,new solve,24.378365992257994,23.959556012414396,24.713855935260653,28,86.90892299637198,109.88106206059456,67.03193194698542,2.621232981447652e-12,4.8514456114952214e-05,,
annulus,cellular7_weak,64,4,8039,58925,0.03124461,asm_d24,passed,new solve,158.30531731868783,157.87595498841256,158.64843991585076,150,69.27301199175417,228.83818310219795,193.35706904530525,6.749003976376762e-13,1.8595293971242372e-05,,
annulus,cellular7_weak,64,4,8039,58925,0.03124461,dilu_pbicgstab,numerical_failure,new solve,,,,,,,,,,1000,5.971325351239635e-07
annulus,cellular7_weak,64,4,8039,58925,0.03124461,amg_fgmres,numerical_failure,new solve,,,,,,,,,,1000,0.0028612661225005725
annulus,cellular7_weak,64,4,8039,58925,0.03124461,amg_pbicgstab,numerical_failure,new solve,,,,,,,,,,1000,0.0018176009889082608
annulus,cellular7_weak,64,4,8039,58925,0.03124461,dilu_fgmres,numerical_failure,new solve,,,,,,,,,,1000,1.2864113167629616e-06
annulus,cellular7_directional,64,4,8039,58925,0.03124461,asm_d48,passed,new solve,47.12732438929379,46.976549085229635,47.39278904162347,25,84.37162300106138,130.58088102843612,88.77871505683288,9.747129233640341e-13,4.047753346943375e-05,,
annulus,cellular7_directional,64,4,8039,58925,0.03124461,amg_pbicgstab,numerical_failure,new solve,,,,,,,,,,1000,0.10392424633763453
annulus,cellular7_directional,64,4,8039,58925,0.03124461,amg_fgmres,numerical_failure,new solve,,,,,,,,,,1000,0.02710081807078219
annulus,cellular7_high,64,6,8039,82495,0.03124461,amg_pbicgstab,passed,new solve,121.57417337099712,121.5191719820723,121.60799105186015,25,208.65162403788418,330.00917406752706,225.76417302479967,5.125426697613265e-12,1.0450279762792114e-07,,
annulus,cellular7_high,64,6,8039,82495,0.03124461,native_hp,passed,new solve,26.914725623403985,26.48135693743825,27.231356943957508,30,117.89993895217776,144.33619403280318,85.78377548838034,3.3981367679526684e-12,1.0450279793246004e-07,,
annulus,cellular7_high,64,6,8039,82495,0.03124461,amg_fgmres,passed,new solve,123.00506098351131,122.57804803084582,123.26876900624484,42,209.4563660211861,332.34557101968676,227.8071700129658,8.686626557450243e-12,1.0450279796729439e-07,,
annulus,cellular7_high,64,6,8039,82495,0.03124461,asm_d24,passed,new solve,33.962216305856906,33.89086795505136,34.03463994618505,22,89.86598299816251,123.66805609781295,78.851348021999,2.4664692781643165e-12,1.0450279961086877e-07,,
annulus,cellular7_weak,64,6,8039,82495,0.03124461,amg_fgmres,numerical_failure,new solve,,,,,,,,,,1000,3.4907616090606526e-05
annulus,cellular7_weak,64,6,8039,82495,0.03124461,dilu_pbicgstab,numerical_failure,new solve,,,,,,,,,,1000,1.5842155806821832e-06
annulus,cellular7_weak,64,6,8039,82495,0.03124461,amg_pbicgstab,numerical_failure,new solve,,,,,,,,,,1000,8.003792996695324e-11
annulus,cellular7_weak,64,6,8039,82495,0.03124461,dilu_fgmres,numerical_failure,new solve,,,,,,,,,,1000,2.586030572569252e-06
annulus,cellular7_weak,64,6,8039,82495,0.03124461,asm_d24,passed,new solve,226.44980003436407,225.51064507570118,227.7228010352701,150,93.06032594759017,318.6823958531022,272.39917492261156,8.802087348435008e-13,2.9133949209605226e-08,,
annulus,cellular7_directional,64,6,8039,82495,0.03124461,amg_pbicgstab,numerical_failure,new solve,,,,,,,,,,1000,0.105168728463
annulus,cellular7_directional,64,6,8039,82495,0.03124461,amg_fgmres,numerical_failure,new solve,,,,,,,,,,1000,0.025132719154729217
annulus,cellular7_directional,64,6,8039,82495,0.03124461,asm_d48,passed,new solve,74.66051063966006,74.53084399458021,74.76720493286848,27,100.85652896668762,175.30690599232912,125.0370554625988,2.5171510352026846e-12,8.740486167539879e-08,,
annulus,cellular7_high,128,6,33174,344631,0.01549001,asm_d24,passed,new solve,321.1003243923187,319.50352108106017,322.1566460561007,43,377.65771697741,698.7643429310992,510.20257448544726,3.001669076873522e-12,6.485354920878075e-10,,
annulus,cellular7_high,128,6,33174,344631,0.01549001,amg_pbicgstab,passed,new solve,144.8619789831961,144.71304300241172,145.04253899212927,24,280.38630494847894,424.05296594370157,284.38300447305664,7.765841662060277e-12,6.469327374407656e-10,,
annulus,cellular7_high,128,6,33174,344631,0.01549001,amg_fgmres,passed,new solve,150.18717599256584,149.7216180432588,150.8146720007062,42,280.93756292946637,454.44144983775914,302.08153394050896,7.91868584662139e-12,6.469333171642576e-10,,
annulus,cellular7_high,128,6,33174,344631,0.01549001,native_hp,passed,new solve,54.473977031496666,54.08933409489691,54.727897979319096,31,428.91601100564003,483.3158340770751,268.96026654867455,4.0192203754218824e-12,6.469676355245273e-10,,
annulus,cellular7_weak,128,6,33174,344631,0.01549001,asm_d24,passed,new solve,2251.2541223550215,2240.648639970459,2257.5263960752636,300,381.04499294422567,2632.159476983361,2444.8429365293123,6.313473617749217e-13,9.15250762210118e-10,,
annulus,cellular7_weak,128,6,33174,344631,0.01549001,amg_pbicgstab,passed,new solve,14581.00083101696,14575.279643991962,14584.539648029022,889,399.1881280671805,14969.64323404245,14776.948374055792,9.834535109980198e-12,2.5306072397647535e-09,,
annulus,cellular7_weak,128,6,33174,344631,0.01549001,amg_fgmres,numerical_failure,new solve,,,,,,,,,,1000,0.0007347330778963334
annulus,cellular7_weak,128,6,33174,344631,0.01549001,dilu_pbicgstab,numerical_failure,new solve,,,,,,,,,,1000,4.9082659139607006e-05
annulus,cellular7_weak,128,6,33174,344631,0.01549001,dilu_fgmres,numerical_failure,new solve,,,,,,,,,,1000,6.754651341690999e-05
annulus,cellular7_directional,128,6,33174,344631,0.01549001,asm_d48,passed,new solve,1756.9896589654188,1736.515714903362,1786.4336459897459,123,402.72406698204577,2147.769206087105,1951.4544085250236,2.510879138022318e-15,5.186300547735017e-10,,
annulus,cellular7_directional,128,6,33174,344631,0.01549001,amg_pbicgstab,numerical_failure,new solve,,,,,,,,,,1000,0.04082132440624112
annulus,cellular7_directional,128,6,33174,344631,0.01549001,amg_fgmres,numerical_failure,new solve,,,,,,,,,,1000,0.01700166156563432
annulus,cellular7_high,223,6,99984,1043392,0.007933955,amg_pbicgstab,passed,new solve,423.44526034624624,423.3024910790846,423.6402859678492,49,478.68061799090356,897.7006729692221,660.5015820241533,8.665158183287312e-12,8.900680557523232e-12,,
annulus,cellular7_high,223,6,99984,1043392,0.007933955,asm_d24,passed,new solve,1720.3517829766497,1719.3385789869353,1721.0610340116546,73,1411.7874610237777,3143.2194829685614,2431.9376094499603,5.151848882723249e-13,4.300552622722393e-11,,
annulus,cellular7_high,223,6,99984,1043392,0.007933955,amg_fgmres,passed,new solve,306.4059109504645,305.34327297937125,307.1219999110326,58,475.64222500659525,805.6977090891451,556.2250845250674,8.95934816644602e-12,9.12790816844977e-12,,
annulus,cellular7_high,223,6,99984,1043392,0.007933955,native_hp,passed,new solve,133.30365469058356,128.4750810591504,142.67180999740958,32,1237.9442000528798,1366.7267910204828,752.7047945768572,5.26016724414288e-12,1.2449170950598775e-11,,
annulus,cellular7_weak,223,6,99984,1043392,0.007933955,amg_pbicgstab,passed,new solve,22037.26455095845,22014.148751972243,22077.493384946138,675,540.2877900050953,22563.230311963707,22298.091761942487,9.989466264822921e-12,2.313542541137293e-09,,
annulus,cellular7_weak,223,6,99984,1043392,0.007933955,asm_d24,passed,new solve,12369.244520009184,12366.617591003887,12373.193817096762,525,1392.8698219824582,13773.300637141801,13072.50561262481,7.891229479816879e-13,1.2140030648431943e-09,,
annulus,cellular7_weak,223,6,99984,1043392,0.007933955,amg_fgmres,passed,new solve,16389.561309323955,16383.214788977057,16394.831330981106,948,523.3772159554064,16961.26184996683,16678.04659047397,9.959182216064415e-12,2.209132072347115e-09,,
annulus,cellular7_weak,223,6,99984,1043392,0.007933955,dilu_fgmres,numerical_failure,new solve,,,,,,,,,,1000,0.0001990289674070104
annulus,cellular7_weak,223,6,99984,1043392,0.007933955,dilu_pbicgstab,numerical_failure,new solve,,,,,,,,,,1000,7.033338247875593e-05
annulus,cellular7_directional,223,6,99984,1043392,0.007933955,asm_d48,passed,new solve,6733.357223953742,6730.27848394122,6736.969701014459,150,1430.8365359902382,8185.966515913606,7459.395001409575,3.3935962891590574e-15,6.201330401940033e-12,,
annulus,cellular7_directional,223,6,99984,1043392,0.007933955,amg_fgmres,numerical_failure,new solve,,,,,,,,,,1000,0.008424170686388639
annulus,cellular7_directional,223,6,99984,1043392,0.007933955,amg_pbicgstab,numerical_failure,new solve,,,,,,,,,,1000,0.11434803397884832
