system_id,geometry,case,n,p,triangles,trace_dofs,policy,status,setup_median_ms,fresh_median_ms,hot_mean_ms,hot_min_ms,hot_max_ms,iterations,residual
05aa3c01eda2001968125a27da509771b5570bb2b99d6c550a8f80168b6c51b1,square,cellular7,32,4,2048,15040,robust,passed,52.043172472622246,244.40973199671134,192.5947800045833,186.38172303326428,198.80783697590232,150,1.9702675048243006e-13
957316d60b152221d7a6881126f511b5b1ca15439153bd325e37ea93c68d9354,square,cellular4,32,4,2048,15040,standard,passed,50.76631100382656,289.6750114741735,239.85487449681386,237.45272995438427,242.25701903924346,300,6.461759774707982e-14
e7db3720962a5defd44c9f43dd0f6041c9ac9ba3a5746651ec1a8f3f71179960,square,cellular7_low,32,4,2048,15040,robust,passed,52.77238751295954,341.99254494160414,285.5567609658465,282.02295198570937,289.0905699459836,225,6.601444476210384e-15
4a3b78aafaa5b60e3d0663f3d9fd0da5480f66465a7d7e2ff681a2be8064f7de,square,cellular7_weak,32,4,2048,15040,standard,numerical_failure,,,,,,,
7d3a6b1c6907bbb642af62efe0e0e22e4bca7d368e8b43ed65f2118934e1b242,square,advection_dominated,32,4,2048,15040,standard,passed,53.26033348683268,247.6315314997919,188.8118509668857,185.60055899433792,192.02314293943346,225,2.510513973832884e-15
4a3b78aafaa5b60e3d0663f3d9fd0da5480f66465a7d7e2ff681a2be8064f7de,square,cellular7_weak,32,4,2048,15040,robust,passed,51.95275251753628,1033.879450056702,973.7359769642353,969.740311964415,977.7316419640556,750,8.994726415300808e-13
e6955bdcdff328806a23ebd737ba026bf7b62f5fe42b0b3231fe8afb86079e48,square,cellular7_anisotropic,32,4,2048,15040,standard,numerical_failure,,,,,,,
e7db3720962a5defd44c9f43dd0f6041c9ac9ba3a5746651ec1a8f3f71179960,square,cellular7_low,32,4,2048,15040,standard,passed,48.620753979776055,400.816262466833,356.3702249666676,355.0272430293262,357.713206904009,450,1.080323821505839e-13
957316d60b152221d7a6881126f511b5b1ca15439153bd325e37ea93c68d9354,square,cellular4,32,4,2048,15040,robust,passed,52.91258997749537,354.7933115041815,299.16392848826945,297.42172500118613,300.90613197535276,225,4.0645437110633273e-16
20717e152dbb3d26cdb51f7cc3cf09e6a8b39fda51da57bf8d7ec8f3de96da5d,square,oscillatory_rhs,32,4,2048,15040,robust,passed,53.307221503928304,252.287901006639,192.62009754311293,191.00182107649744,194.23837400972843,150,1.1950020843646126e-14
7d3a6b1c6907bbb642af62efe0e0e22e4bca7d368e8b43ed65f2118934e1b242,square,advection_dominated,32,4,2048,15040,robust,passed,54.1508145397529,252.08916753763333,196.5870294952765,191.37085799593478,201.80320099461824,150,6.129843159605155e-14
e6955bdcdff328806a23ebd737ba026bf7b62f5fe42b0b3231fe8afb86079e48,square,cellular7_anisotropic,32,4,2048,15040,robust,passed,52.81922349240631,629.219449008815,583.3648480474949,579.1348450584337,587.5948510365561,450,8.696323761306382e-12
20717e152dbb3d26cdb51f7cc3cf09e6a8b39fda51da57bf8d7ec8f3de96da5d,square,oscillatory_rhs,32,4,2048,15040,standard,passed,51.60081555368379,236.59812955884263,185.7103790389374,181.88331904821098,189.5374390296638,225,2.000021031820014e-15
05aa3c01eda2001968125a27da509771b5570bb2b99d6c550a8f80168b6c51b1,square,cellular7,32,4,2048,15040,standard,passed,49.27919298643246,229.14018447045237,179.55724644707516,177.28637694381177,181.82811595033854,225,7.193792710418456e-13
9aabb9e142e56098cd845ca19671fd805825510ebb857f273ffcb0fc532c8c79,annulus,cellular7_weak,32,6,2043,20482,robust,passed,55.52577204070985,1047.0507311401889,1000.5535566791272,997.9783099843189,1004.2834370397031,750,6.8027936821794435e-12
9aabb9e142e56098cd845ca19671fd805825510ebb857f273ffcb0fc532c8c79,annulus,cellular7_weak,32,6,2043,20482,standard,numerical_failure,,,,,,,
5c373d131785033027688ea1ae8495fb93aeaf09a0cce94e62001bbd575b7a47,annulus,cellular7_directional,32,6,2043,20482,standard,passed,53.85814805049449,306.13233812619,250.3422279842198,246.09854898881167,254.42598399240524,300,1.2105943683678802e-14
5c373d131785033027688ea1ae8495fb93aeaf09a0cce94e62001bbd575b7a47,annulus,cellular7_directional,32,6,2043,20482,robust,passed,57.661496102809906,259.0390470577404,206.05101467420658,201.26087497919798,208.65635899826884,150,1.1499976199444494e-15
b250a77acf83b76ee5de2b83d81d233949ad5b696c0fb543544404a928d9e971,square,cellular7_weak,32,6,2048,21056,standard,numerical_failure,,,,,,,
0ef6e0f37c8be6e072f6968899ac996ac1075efdbf7a2510076abbdb5aa1f9ce,square,cellular7_directional,32,6,2048,21056,standard,passed,54.75108791142702,427.0117830019444,376.72765366733074,370.6108439946547,388.22782796341926,450,2.122273034259856e-12
0ef6e0f37c8be6e072f6968899ac996ac1075efdbf7a2510076abbdb5aa1f9ce,square,cellular7_directional,32,6,2048,21056,robust,passed,56.50854902341962,353.00367197487503,290.5051913112402,284.0626440010965,295.53223599214107,225,8.716785696475613e-15
b250a77acf83b76ee5de2b83d81d233949ad5b696c0fb543544404a928d9e971,square,cellular7_weak,32,6,2048,21056,robust,passed,57.57694109342992,1337.4270081985742,1280.1434530022864,1268.891584011726,1290.8965930109844,975,5.111721136412582e-12
967b11a01d2627fadc94cba7ad7e93254e34a553bc44dea39a1eadb69e1b0ff6,square,advection_dominated,32,6,2048,21056,standard,passed,55.59857399202883,182.50040290877223,123.55097262964894,119.0545039717108,129.82745794579387,150,5.195194710190556e-12
967b11a01d2627fadc94cba7ad7e93254e34a553bc44dea39a1eadb69e1b0ff6,square,advection_dominated,32,6,2048,21056,robust,passed,56.68793397489935,257.01301300432533,205.9076396205152,198.87569500133395,213.14624592196196,150,3.9749672009512965e-14
dd9a51d903833ebd0c50ea61eb6220212822142e45ba1fffd3c6bb5b32d9e864,square,anisotropic,32,6,2048,21056,standard,passed,51.38736008666456,176.5664699487388,116.6725386865437,112.96107596717775,119.44426107220352,150,1.6209965595508115e-13
dd9a51d903833ebd0c50ea61eb6220212822142e45ba1fffd3c6bb5b32d9e864,square,anisotropic,32,6,2048,21056,robust,passed,54.56707696430385,183.4698929451406,130.3449149709195,128.04213992785662,132.62841501273215,98,1.5744063822423295e-13
0e07046f93acdc0eb88a124ea1bcd3b3648942c4a13566275f93353df3c28cd1,annulus,cellular7_weak,64,1,8039,23570,robust,passed,73.87679698877037,604.297376004979,534.8585053191831,528.6241000285372,542.7133359480649,525,7.970016435227812e-12
13cba3f220d7c23fe3e1c94580469ad4629d2e0d98eee77d4f4241a1cdde98d7,annulus,cellular7_directional,64,1,8039,23570,standard,passed,73.70364794041961,198.11731099616736,123.2076653201754,121.88902590423822,125.26044901460409,150,2.421180285335441e-13
0e07046f93acdc0eb88a124ea1bcd3b3648942c4a13566275f93353df3c28cd1,annulus,cellular7_weak,64,1,8039,23570,standard,passed,74.47978702839464,838.445225963369,819.426187624534,761.4574179751799,860.6794259976596,900,9.626831552783307e-12
13cba3f220d7c23fe3e1c94580469ad4629d2e0d98eee77d4f4241a1cdde98d7,annulus,cellular7_directional,64,1,8039,23570,robust,passed,75.65065799281001,223.13793294597417,154.64937997361025,148.49669591058046,165.2670829789713,150,1.0178868538564503e-15
b563e8603dc6527bb7deb91ff62d0adbf0300bd293a872ebafa49eead22a3b5f,square,cellular7_directional,64,1,8192,24320,standard,passed,75.50803397316486,260.0423180265352,186.3203893105189,184.54003799706697,188.48842103034258,225,1.490243074489609e-13
9c8751991b7a9d693daf9eec604dd868cbed778e17644eae64d72ab0a0f61afb,square,cellular7_weak,64,1,8192,24320,standard,passed,75.10973501484841,797.5304709980264,717.0338176656514,703.7017740076408,729.369651991874,825,3.4755215919670284e-12
d4cb641f0506c257bbdeb77fc1258655d300eec7c3b7973b38c42d934b865571,square,advection_dominated,64,1,8192,24320,robust,passed,74.69102705363184,301.06759793125093,225.39992533468953,221.83215396944433,228.1395239988342,225,1.860580470073109e-14
91eacb9aa9b0a157fab790933d2d592057551132aeb6b114a71967c24daa5bca,square,anisotropic,64,1,8192,24320,robust,passed,75.81856206525117,182.40472907200456,107.30753629468381,103.98089594673365,109.85430597793311,101,1.5155504454547492e-13
d4cb641f0506c257bbdeb77fc1258655d300eec7c3b7973b38c42d934b865571,square,advection_dominated,64,1,8192,24320,standard,passed,74.91139101330191,453.2802040921524,376.27801465957117,373.74255899339914,380.17930497881025,450,8.458710205742124e-14
b563e8603dc6527bb7deb91ff62d0adbf0300bd293a872ebafa49eead22a3b5f,square,cellular7_directional,64,1,8192,24320,robust,passed,74.01771796867251,224.0134379826486,150.9690280460442,148.01715407520533,154.30050902068615,150,1.7362570532831635e-12
91eacb9aa9b0a157fab790933d2d592057551132aeb6b114a71967c24daa5bca,square,anisotropic,64,1,8192,24320,standard,passed,73.36232904344797,206.49012899957597,136.04940400303653,129.1542819235474,144.37815302517265,150,1.5067301062356474e-13
9c8751991b7a9d693daf9eec604dd868cbed778e17644eae64d72ab0a0f61afb,square,cellular7_weak,64,1,8192,24320,robust,passed,74.79046506341547,526.763625908643,452.309694684421,449.6707620564848,454.47083399631083,450,9.731280447604356e-12
781b2eabfd3910cf13c308465272b1c24ac55f0466c1d7b4ccf68dc5c3ca8432,annulus,cellular7_weak,64,2,8039,35355,standard,numerical_failure,,,,,,,
781b2eabfd3910cf13c308465272b1c24ac55f0466c1d7b4ccf68dc5c3ca8432,annulus,cellular7_weak,64,2,8039,35355,robust,numerical_failure,,,,,,,
612fb2e6981132ca25caa6a6e0a74ad03701fff74ba380222961f30027e01350,annulus,cellular7_directional,64,2,8039,35355,robust,passed,81.67294098529965,275.09870601352304,193.57383837147304,192.00207106769085,195.66220906563103,150,1.17445611106077e-15
612fb2e6981132ca25caa6a6e0a74ad03701fff74ba380222961f30027e01350,annulus,cellular7_directional,64,2,8039,35355,standard,passed,78.68570194114,274.487757938914,192.83697265200317,184.08440193161368,200.1864620251581,225,1.8015688597413844e-14
07f37aaf1c14f17e3b6519aa8d8f49ec1b52fdd01ec9068067c2be0db4fc0807,square,cellular7_weak,64,2,8192,36480,standard,numerical_failure,,,,,,,
6630f21c308e73cb113488ed524c52f29c73a5fbe736d3179a2bbb4493e3bce9,square,anisotropic,64,2,8192,36480,standard,passed,81.67137298732996,218.53641991037875,133.81715301269045,132.30382406618446,135.06457395851612,150,2.2582265199012217e-13
1199896c70bca2d820974ac23751b773cf2f96db8ec0d5042abaa2a33ef77303,square,cellular7_directional,64,2,8192,36480,standard,passed,84.19531304389238,357.755956123583,284.1163573320955,271.1957279825583,298.4093049308285,300,8.705367632885406e-14
d627d2e1968ee90455a4a8c7fb7d87addc669a698322ac2cba30bc7356839afe,square,advection_dominated,64,2,8192,36480,robust,passed,82.83926802687347,384.8786670714617,302.46570504580933,298.4637700719759,306.06169207021594,225,6.83720267299184e-15
d627d2e1968ee90455a4a8c7fb7d87addc669a698322ac2cba30bc7356839afe,square,advection_dominated,64,2,8192,36480,standard,passed,79.36894707381725,344.77179299574345,264.5209993158157,260.9084820142016,269.11729492712766,300,9.128287727407184e-12
6630f21c308e73cb113488ed524c52f29c73a5fbe736d3179a2bbb4493e3bce9,square,anisotropic,64,2,8192,36480,robust,passed,81.02820406202227,219.17440206743777,137.6867056436216,133.84309993125498,140.60417702421546,103,2.2753472992003923e-13
1199896c70bca2d820974ac23751b773cf2f96db8ec0d5042abaa2a33ef77303,square,cellular7_directional,64,2,8192,36480,robust,passed,83.07433302979916,286.7488160263747,199.14331869222224,196.63089304231107,200.59792802203447,150,7.0166275573640864e-12
07f37aaf1c14f17e3b6519aa8d8f49ec1b52fdd01ec9068067c2be0db4fc0807,square,cellular7_weak,64,2,8192,36480,robust,passed,85.74161503929645,1184.1015870450065,1139.2108203144744,1083.3408610196784,1168.4013089397922,825,3.7550594623500364e-12
0ac006a485765d8156f396d6407bf341c2d63c1a84836b869efb899a4f46bf24,annulus,cellular7_weak,64,3,8039,47140,standard,numerical_failure,,,,,,,
2fb17aa1613260c76c7481ddc289fef815a03c88e48e4783d8c3e49ae98212c1,annulus,cellular7_directional,64,3,8039,47140,standard,passed,84.43074102979153,310.2691440144554,229.59689935669303,219.1858160076663,242.9889190243557,225,6.0767690055866114e-12
2fb17aa1613260c76c7481ddc289fef815a03c88e48e4783d8c3e49ae98212c1,annulus,cellular7_directional,64,3,8039,47140,robust,passed,90.53786098957062,320.63992402981967,234.55650336109102,231.60606704186648,239.1449980204925,150,3.838820484698073e-15
0ac006a485765d8156f396d6407bf341c2d63c1a84836b869efb899a4f46bf24,annulus,cellular7_weak,64,3,8039,47140,robust,numerical_failure,,,,,,,
ea3395a2889fd2001af207d6867e1d5e4936146c386599ab7b038612763fa3ac,square,cellular7_directional,64,3,8192,48640,robust,passed,90.54182190448046,444.41423297394067,354.96027767658234,341.85208298731595,363.25834109447896,225,1.5498380600962428e-14
b9a6f8cc3fa4f4680da0fe2b4a94c16ef7d12e95c013f06705af3949fb52ea52,square,anisotropic,64,3,8192,48640,robust,passed,89.1629729885608,267.7808810258284,176.1430393283566,174.85655390191823,177.30712506454438,114,3.071954201602193e-13
738feebe70f05e18ee45d8fdaf8840b84c9ac045911f052fd9a1970ec388365a,square,advection_dominated,64,3,8192,48640,robust,passed,90.16580390743911,453.9804048836231,354.8947386443615,351.7765309661627,357.0193679770455,225,5.196983583617406e-15
935ae7f515fac9936e1f51a74435b59b0326da1b72d79bb5cdd7dfc99837d181,square,cellular7_weak,64,3,8192,48640,standard,numerical_failure,,,,,,,
935ae7f515fac9936e1f51a74435b59b0326da1b72d79bb5cdd7dfc99837d181,square,cellular7_weak,64,3,8192,48640,robust,numerical_failure,,,,,,,
b9a6f8cc3fa4f4680da0fe2b4a94c16ef7d12e95c013f06705af3949fb52ea52,square,anisotropic,64,3,8192,48640,standard,passed,89.26266490016133,235.42034695856273,151.22900666513792,148.18930195178837,155.1525869872421,150,3.5989663711153994e-13
ea3395a2889fd2001af207d6867e1d5e4936146c386599ab7b038612763fa3ac,square,cellular7_directional,64,3,8192,48640,standard,passed,88.04226003121585,466.5632280521095,382.3257236896704,373.2111200224608,392.0554199721664,375,2.9510835622047843e-13
738feebe70f05e18ee45d8fdaf8840b84c9ac045911f052fd9a1970ec388365a,square,advection_dominated,64,3,8192,48640,standard,passed,84.96142306830734,386.7386120837182,310.21982501260936,296.60551401320845,330.4771810071543,300,8.284457529999073e-13
83dd723e3a0e400bfdf2cebd0ac6f067524846e1ec3f522287895ee714036607,annulus,cellular7_directional,64,4,8039,58925,standard,passed,92.24534290842712,378.8801380433142,292.5704955899467,278.5981019260362,308.81489894818515,300,1.139704317446101e-13
0832707696adab104392769cbb0b5564062cf571f329a96929f2b5442c490145,annulus,cellular7_weak,64,4,8039,58925,standard,numerical_failure,,,,,,,
83dd723e3a0e400bfdf2cebd0ac6f067524846e1ec3f522287895ee714036607,annulus,cellular7_directional,64,4,8039,58925,robust,passed,95.82435595802963,393.752159900032,281.510304659605,270.2420969726518,297.03851405065507,150,2.0398394835753844e-15
0832707696adab104392769cbb0b5564062cf571f329a96929f2b5442c490145,annulus,cellular7_weak,64,4,8039,58925,robust,numerical_failure,,,,,,,
91c2bed40fe492efac8ac170f6db3a7d99531618ffa30dd960825cb7326f7fb0,square,cellular7_directional,64,4,8192,60800,standard,passed,93.71334302704781,501.45070103462785,410.3867049949865,408.24647794943303,414.271206012927,450,2.6100549187641444e-13
0b2090922ca4068f285f0d9c687981de92ac1d326093bf0196c9702cea8f577b,square,anisotropic,64,4,8192,60800,standard,passed,91.28337900619954,222.76436304673553,131.1919626702244,128.2043179962784,135.17955201677978,150,2.636721491953842e-12
0b2090922ca4068f285f0d9c687981de92ac1d326093bf0196c9702cea8f577b,square,anisotropic,64,4,8192,60800,robust,passed,97.26790396962315,309.08557504881173,210.34033802182725,209.89639998879284,211.20825305115432,116,4.184465136434953e-13
ab5e6a701bc24ea0de576ffa28ce3b317d12a999b39064da5152f4a60b183c5a,square,cellular7_weak,64,4,8192,60800,standard,numerical_failure,,,,,,,
e5645d325300a1c943b7bcbcd06fc9a123de55fa11d162a65fa4a54d77c07b61,square,advection_dominated,64,4,8192,60800,standard,passed,90.31921101268381,364.0962520148605,277.82505432454246,272.3589009838179,288.5328329866752,300,1.6963897017108119e-12
91c2bed40fe492efac8ac170f6db3a7d99531618ffa30dd960825cb7326f7fb0,square,cellular7_directional,64,4,8192,60800,robust,passed,91.87903394922614,500.40206883568317,408.2715883463,407.91245305445045,408.69735402520746,225,8.172127925061057e-14
ab5e6a701bc24ea0de576ffa28ce3b317d12a999b39064da5152f4a60b183c5a,square,cellular7_weak,64,4,8192,60800,robust,numerical_failure,,,,,,,
e5645d325300a1c943b7bcbcd06fc9a123de55fa11d162a65fa4a54d77c07b61,square,advection_dominated,64,4,8192,60800,robust,passed,93.59286993276328,500.44870690908283,411.25150001607835,408.7558160535991,413.4282349841669,225,6.09613364226135e-15
05fe94c53a8b08e5a2946fe60aeb6b4dfd9d27a42c26a32488622adae8d707a0,annulus,oscillatory_rhs,56,6,6114,62475,standard,passed,100.40509898681194,296.83577199466527,203.24203403045735,189.5595780806616,226.0740320198238,225,1.2335743965140967e-15
c0eb999ffe45477d6771269101a0c47a8ceb7915b1224e84aaac9fd9396d5f0b,annulus,cellular7_anisotropic,56,6,6114,62475,standard,numerical_failure,,,,,,,
dadd1c81c80a0fbf0823d3e2dee90d9a0d4be80cadc819f32d85f05d335f8a47,annulus,advection_dominated,56,6,6114,62475,robust,passed,106.28753097262233,387.33005290850997,280.8130339641745,265.99966594949365,290.74989003129303,150,5.801864828546118e-12
05fe94c53a8b08e5a2946fe60aeb6b4dfd9d27a42c26a32488622adae8d707a0,annulus,oscillatory_rhs,56,6,6114,62475,robust,passed,107.65369003638625,397.9981900192797,289.07754831016064,286.00433201063424,291.59976297523826,150,3.93608520771921e-12
796ad17f6beb88ff6bc801d8a291e6faf5304f652447bf5deae9dcbfcd19c903,annulus,cellular7_weak,56,6,6114,62475,robust,numerical_failure,,,,,,,
c0eb999ffe45477d6771269101a0c47a8ceb7915b1224e84aaac9fd9396d5f0b,annulus,cellular7_anisotropic,56,6,6114,62475,robust,passed,103.81873499136418,1401.5024050604552,1304.0648746925096,1288.5378890205175,1320.7653369754553,675,1.6644965832742074e-12
dadd1c81c80a0fbf0823d3e2dee90d9a0d4be80cadc819f32d85f05d335f8a47,annulus,advection_dominated,56,6,6114,62475,standard,passed,105.96518393140286,327.91297195944935,244.66334302754453,214.47109803557396,293.1536880787462,225,2.105348158961373e-15
796ad17f6beb88ff6bc801d8a291e6faf5304f652447bf5deae9dcbfcd19c903,annulus,cellular7_weak,56,6,6114,62475,standard,numerical_failure,,,,,,,
a6d38b2cd984b6f1962953a33948b4bce926a551384b1cba131e01515a3abc97,annulus,cellular7_weak,64,6,8039,82495,standard,numerical_failure,,,,,,,
996a7231cbf8394f8bb2eb38b023c6940db297831c914ba69bb0ca5e9d49c0b5,annulus,cellular7_directional,64,6,8039,82495,robust,passed,130.14607306104153,466.6860910365358,334.9097379638503,333.85296701453626,336.6431249305606,150,4.009115009858544e-13
996a7231cbf8394f8bb2eb38b023c6940db297831c914ba69bb0ca5e9d49c0b5,annulus,cellular7_directional,64,6,8039,82495,standard,passed,124.17091603856534,518.8158560777083,389.0695156296715,388.0967909935862,390.34795796032995,375,2.458202201584697e-13
a6d38b2cd984b6f1962953a33948b4bce926a551384b1cba131e01515a3abc97,annulus,cellular7_weak,64,6,8039,82495,robust,numerical_failure,,,,,,,
150467ab79ce0f9325810ecc12e653a4e116e91f553d8b2b9ec9e2306b5b57bd,square,cellular7_anisotropic,64,6,8192,85120,standard,numerical_failure,,,,,,,
c98f93b09abfc5d120b5afca0af7aed42788d3ec0e2e16a97eeeee079595556e,square,advection_dominated,64,6,8192,85120,robust,passed,132.52575893420726,656.4959059469402,528.5593920464938,524.75391398184,532.9530840972438,225,7.484066234774918e-15
4e4ca9966c5b50f3f747a437418ac46aeb936165f68583073ad2934a9b29594d,square,cellular7_weak,64,6,8192,85120,robust,numerical_failure,,,,,,,
4e4ca9966c5b50f3f747a437418ac46aeb936165f68583073ad2934a9b29594d,square,cellular7_weak,64,6,8192,85120,standard,numerical_failure,,,,,,,
0c200080a1f7cd93b61f0e0852860b60cb020a3cb248bf7231a95a09c24b3f23,square,anisotropic,64,6,8192,85120,robust,passed,135.66576992161572,429.5327439904213,297.5564220299323,294.65349100064486,300.00928905792534,128,6.323008936004933e-13
c98f93b09abfc5d120b5afca0af7aed42788d3ec0e2e16a97eeeee079595556e,square,advection_dominated,64,6,8192,85120,standard,passed,128.45640094019473,452.2307978477329,324.3461843424787,321.8090150039643,329.3423290597275,300,8.057892313787769e-13
0c200080a1f7cd93b61f0e0852860b60cb020a3cb248bf7231a95a09c24b3f23,square,anisotropic,64,6,8192,85120,standard,passed,125.72901893872768,335.0234570680186,207.10765469508866,200.83505904767662,212.2148600174114,225,6.197167968063336e-13
46819e4350bdfe251dd6de19250393845e4dbdb7bcd2aa766a65fdecf52da27e,square,cellular7_directional,64,6,8192,85120,standard,passed,120.56065304204822,695.155717083253,572.3675500291089,564.9419219698757,579.7316690441221,525,2.513267741551071e-12
150467ab79ce0f9325810ecc12e653a4e116e91f553d8b2b9ec9e2306b5b57bd,square,cellular7_anisotropic,64,6,8192,85120,robust,passed,129.28246601950377,2234.3647100497037,2095.044464998258,2078.192897955887,2118.774707079865,900,4.308600933611894e-12
fd460ce8c0b9b8f5ee2a6d440aa16dfed489286872b6ba991ead401aa88423ef,annulus,cellular7_weak,107,6,22825,236502,robust,numerical_failure,,,,,,,
fd460ce8c0b9b8f5ee2a6d440aa16dfed489286872b6ba991ead401aa88423ef,annulus,cellular7_weak,107,6,22825,236502,standard,numerical_failure,,,,,,,
decc5c2370795182ffd5b2038d36b767acd8b5e0aa41e92e37645f3cb0a1da17,annulus,cellular7_anisotropic,107,6,22825,236502,standard,numerical_failure,,,,,,,
90339654604320ecde4a22dab6e2b2dcc14789859e2b7d69dcec9d5cce1d777d,annulus,advection_dominated,107,6,22825,236502,robust,passed,316.4321209769696,1384.5757809467614,1030.3999693520989,958.2185060717165,1071.6393030015752,225,9.294438864245733e-15
90339654604320ecde4a22dab6e2b2dcc14789859e2b7d69dcec9d5cce1d777d,annulus,advection_dominated,107,6,22825,236502,standard,passed,321.73043699003756,814.6226360695437,488.5749160312116,478.42096304520965,498.80632699932903,300,1.3164346119629072e-13
decc5c2370795182ffd5b2038d36b767acd8b5e0aa41e92e37645f3cb0a1da17,annulus,cellular7_anisotropic,107,6,22825,236502,robust,numerical_failure,,,,,,,
1c815afe65b33fa688cd207baa6964c76e6a68ef25ea2b8642f5cfcf41b3fe70,square,cellular7_weak,128,6,32768,342272,robust,numerical_failure,,,,,,,
dd990f79460b0bbe0b669b94099c8ee2bf3b251e9870423281ebf5ba045e3ab0,square,cellular7_directional,128,6,32768,342272,standard,passed,442.2643620055169,1769.2780460929498,1317.5919046625495,1298.5094910254702,1330.8092589722946,600,8.733815742488099e-13
f2065986687991cbb574be1c95731075c707b4e96791c0c32e0849f21de9230a,square,anisotropic,128,6,32768,342272,robust,passed,460.0089299492538,1471.0358190350235,1016.116682983314,1004.559050896205,1032.6630880590528,148,2.4961974045770572e-12
46cb94eac44ca5fa74ad9f9e9b0eec818a680e24dfea7b4ea7e9839a0e8215d2,square,advection_dominated,128,6,32768,342272,robust,passed,455.7079350342974,1990.7244009664282,1534.2320690397173,1525.8454800350592,1543.747054063715,225,8.218022284808595e-13
f2065986687991cbb574be1c95731075c707b4e96791c0c32e0849f21de9230a,square,anisotropic,128,6,32768,342272,standard,passed,449.9640699941665,927.8921049553901,483.22323166454834,472.56161202676594,499.4150419952348,225,2.5032660277133768e-12
1c815afe65b33fa688cd207baa6964c76e6a68ef25ea2b8642f5cfcf41b3fe70,square,cellular7_weak,128,6,32768,342272,standard,numerical_failure,,,,,,,
46cb94eac44ca5fa74ad9f9e9b0eec818a680e24dfea7b4ea7e9839a0e8215d2,square,advection_dominated,128,6,32768,342272,standard,passed,439.82315191533417,1295.696803019382,882.355457986705,853.8560169981793,934.0650839731097,450,7.74305674394339e-13
18a6e53cf2bffeae620dffb2b6636fddd2cba413eeab0d62de0eabd4a1b67155,annulus,cellular7_directional,129,6,33174,344631,robust,passed,465.0974510004744,2003.9385629352182,1566.9877166316535,1535.931395017542,1604.8663809197024,225,1.0697268147585832e-13
18a6e53cf2bffeae620dffb2b6636fddd2cba413eeab0d62de0eabd4a1b67155,annulus,cellular7_directional,129,6,33174,344631,standard,passed,452.5882570305839,1417.7347350632772,980.7319790124893,972.8024830110371,990.8644160022959,450,5.275146146177476e-13
8c1a85b4d6789d1cf18aa75ce913025b810a7e0f0c87cf0700bfaea77a89fafc,annulus,cellular7_weak,129,6,33174,344631,robust,numerical_failure,,,,,,,
8c1a85b4d6789d1cf18aa75ce913025b810a7e0f0c87cf0700bfaea77a89fafc,annulus,cellular7_weak,129,6,33174,344631,standard,numerical_failure,,,,,,,
c0f037c4f666021daf71fa7a46b65caf0d6457277272cee9b3579e2d842c92df,square,advection_dominated,289,3,167042,999940,robust,passed,1230.988553026691,7154.826424899511,5843.355875035438,5838.45161809586,5849.131106981076,375,6.928739698310921e-12
c0f037c4f666021daf71fa7a46b65caf0d6457277272cee9b3579e2d842c92df,square,advection_dominated,289,3,167042,999940,standard,passed,1222.587749012746,4303.932092036121,3138.273990014568,3076.012506033294,3253.4386360784993,675,3.5284704679621406e-12
59e6fb19e8082d41509c977a421baa71853d398e92eb37c97b9c0fc49e800ea3,square,advection_dominated,259,4,134162,1003625,standard,passed,1206.0997399967164,4569.8199309408665,3348.434383321243,3320.1856809901074,3368.680704035796,675,1.4069162929225687e-12
59e6fb19e8082d41509c977a421baa71853d398e92eb37c97b9c0fc49e800ea3,square,advection_dominated,259,4,134162,1003625,robust,passed,1221.1687359958887,7066.066227038391,5843.419063991557,5815.673396922648,5888.9796800212935,300,8.889337523578586e-12
3a2d82506d4f6b7c1f1fc7b411ef5c774ed66179655550f430bfb79c9d3fd029,square,cellular7_weak,223,6,99458,1041187,standard,numerical_failure,,,,,,,
7920ac51ca2d637b7058fe6bc976320b11c84102c223a004e51168d9684171d6,square,anisotropic,223,6,99458,1041187,standard,passed,1375.5986799951643,2408.522428944707,1031.6981609600286,1027.405117987655,1034.8070919280872,225,7.74695208137525e-12
3a2d82506d4f6b7c1f1fc7b411ef5c774ed66179655550f430bfb79c9d3fd029,square,cellular7_weak,223,6,99458,1041187,robust,numerical_failure,,,,,,,
7920ac51ca2d637b7058fe6bc976320b11c84102c223a004e51168d9684171d6,square,anisotropic,223,6,99458,1041187,robust,passed,1277.8261339990422,3800.823775003664,2521.279014996253,2514.2840170301497,2526.0811540065333,150,7.60415195626731e-12
b99e0a6cac305e572346a4c2db79bd977d24b8c90410168031ffc676b147f782,square,advection_dominated,223,6,99458,1041187,standard,passed,1261.4940659841523,4405.378677882254,3134.6563942885646,3131.617128965445,3138.0711019737646,675,1.916616301581751e-12
667ca4ca7d9870b9f287b9a3cba115c383e2a3f291917c644e6f578c9c1a8e24,square,cellular7_directional,223,6,99458,1041187,standard,passed,1255.0461729988456,4019.9496790301055,2751.0763510751226,2717.5981680629775,2784.126028069295,600,6.25525149454086e-12
b99e0a6cac305e572346a4c2db79bd977d24b8c90410168031ffc676b147f782,square,advection_dominated,223,6,99458,1041187,robust,passed,1266.7841429356486,6348.777664010413,5141.089296395269,5073.380773072131,5248.3016510959715,300,4.604348859509469e-13
3f81adbfcea84fb1b8acb0abe086dde2525fd26b7ebc1418e19d6d80d9742752,annulus,cellular7_weak,224,6,99984,1043392,standard,numerical_failure,,,,,,,
db838ae03b8fe20d8366a22ce5430c72868e9e3c4a7d25d2396b00eeea9869e3,annulus,cellular7_directional,224,6,99984,1043392,standard,passed,1290.2464830549434,3011.809852090664,1730.8161950204521,1725.3236440010369,1736.1551040085033,375,8.392947333264213e-12
3f81adbfcea84fb1b8acb0abe086dde2525fd26b7ebc1418e19d6d80d9742752,annulus,cellular7_weak,224,6,99984,1043392,robust,numerical_failure,,,,,,,
