order,mesh_size,triangles,amgx_dofs,amgx_iterations,face_iterations,amgx_assembly_s,amgx_setup_s,amgx_iterate_s,amgx_hdg_total_approx_s,face_global_assembly_s,face_setup_s,face_iterate_s,face_unaccounted_local_reconstruct_s,face_hdg_total_s,amgx_hdg_speedup_vs_face,amgx_physical_residual,face_physical_residual,amgx_l2_error,face_l2_error,amgx_peak_used_gib,face_workspace_mib,amgx_default_application_total_s,amgx_dense128_application_total_s
1,0.035,148546,444740,21,74.0,0.43332,0.05743,0.07615,0.63332,4.587265164591372,1.2933416491141543,0.6681986125186086,1.1784336616983637,7.727239087922499,12.201160689576357,6.801e-09,3.097576394896585e-09,0.05689,0.05598525809030455,0.142,356.2767028808594,3.676,3.131
1,0.075,32449,96928,21,41.0,0.36466,0.0456,0.03822,0.5646599999999999,0.9821033279877156,0.2825578134506941,0.09841726045124233,0.2746452740393579,1.63772367592901,2.9003713312949566,7.651e-09,6.6479105945903784e-09,0.2592,0.25299310967434313,0.032,77.64923095703125,2.139,1.769
1,0.15,8196,24378,21,23.0,0.34911,0.03816,0.02232,0.54911,0.2569448914146051,0.0823193525429815,0.056045306380838156,0.09704723721370101,0.49235678755212575,0.8966450939741141,4.464e-09,3.620864762893837e-09,1.008,0.9743963419139321,0.009,19.530410766601562,19.459,1.504
1,0.3,2079,6132,19,13.0,0.37922,0.03929,0.01804,0.5792200000000001,0.062365151359699667,0.03345259325578809,0.03168134612496942,0.016419784864410758,0.14391887560486794,0.2484701419233934,6.015e-09,1.2431736719843173e-09,3.428,3.2259322519585623,0.003,4.913787841796875,1.934,1.539
2,0.035,148546,667110,20,82.0,0.69517,0.06565,0.11022,0.9951699999999999,5.496206878917292,1.5001533819595352,1.7942976169288158,2.835269258124754,11.625927135930397,11.68235290043952,6.529e-09,8.697707222852748e-09,0.001305,0.001305007500933124,0.248,534.4142913818359,4.457,3.438
2,0.075,32449,145392,20,44.0,0.4245,0.04739,0.04538,0.6245,1.1689309324137866,0.32424891041591763,0.19678824697621167,0.5614730851957574,2.2514411750016734,3.6051900320283,7.061e-09,5.412101300827533e-09,0.01262,0.0126224222382478,0.055,116.47308349609375,2.534,1.812
2,0.15,8196,36567,20,24.0,0.36151,0.05498,0.03046,0.56151,0.2762184990569949,0.09178030595649034,0.05704046587925404,0.16356054262723774,0.588599813519977,1.0482445789388917,3.429e-09,2.475482513412776e-09,0.09761,0.09761684957959171,0.015,29.29485321044922,62.613,1.517
2,0.3,2079,9198,19,13.0,0.35497,0.04222,0.01795,0.55497,0.06949130550492555,0.0342523290310055,0.031987523077987134,0.03402083495166153,0.1697519925655797,0.305875979900859,4.162e-09,7.284410522018622e-10,0.7817,0.7818210977998199,0.004,7.3699188232421875,2.607,1.404
3,0.035,148546,889480,22,85.0,1.17298,0.07341,0.17324,1.47298,6.689866608008742,1.7686491964850575,2.5378646465251222,6.663271504454315,17.659651955473237,11.989064315519041,4.382e-09,3.870487240136464e-09,2.166e-05,2.195438753022669e-05,0.382,712.5518798828125,4.108,4.11
3,0.075,32449,193856,21,47.0,0.51442,0.04797,0.05666,0.71442,1.3752700940240175,0.37951466243248433,0.3034141674870625,1.2502199165755883,3.3084188405191526,4.630915764563075,9.975e-09,7.682393168486528e-09,0.0004487,0.0004487244246422245,0.084,155.29693603515625,2.119,1.969
3,0.15,8196,48756,21,57.0,0.44687,0.04221,0.03807,0.6468700000000001,0.3292976265074685,0.10085299285128713,0.13600748649332672,0.34059594315476716,0.9067540490068495,1.4017562245997641,6.691e-09,3.284252640896125e-15,0.006878,0.006878287570033198,0.021,39.059295654296875,1.646,1.599
3,0.3,2079,12264,20,30.0,0.36562,0.03838,0.02046,0.56562,0.08912575943395495,0.03646586707327515,0.07243526808451861,0.11218791443388909,0.3102148090256378,0.5484509193904703,4.248e-09,1.644226635106618e-15,0.07896,0.07895750447950424,0.006,9.8260498046875,3.844,1.441
4,0.035,148546,1111850,21,94.0,1.80397,0.09801,0.20967,2.20397,8.551177759072743,2.0997956375358626,5.786600423045456,14.380278182798065,30.817852002452128,13.982881800774116,9.652e-09,1.9181474462813054e-09,3.798e-07,3.622605596993621e-06,0.556,890.6894683837891,4.888,4.741
4,0.075,32449,242320,22,51.0,0.66723,0.05153,0.06956,0.86723,1.8259227063972503,0.462641237070784,0.6676592055009678,3.1318377394927666,6.088060888461769,7.020122560868246,4.453e-09,5.490187321986638e-09,1.546e-05,1.556188869924293e-05,0.118,194.12078857421875,2.353,2.115
4,0.15,8196,60945,21,27.0,0.43639,0.04246,0.03939,0.63639,0.4319872915511951,0.1217584889382124,0.09314781043212861,0.7009020091500133,1.3477956000715494,2.1178767737889492,7.115e-09,1.8597750265237226e-09,0.0004819,0.00048186648828602827,0.03,48.82373809814453,1.695,1.595
4,0.3,2079,15330,20,15.0,0.3627,0.04198,0.02144,0.5627,0.10345097456593066,0.04424007295165211,0.03696906450204551,0.22110170254018158,0.40576181455980986,0.7210979466141992,5.216e-09,7.304214370480536e-10,0.01618,0.01617604573472392,0.008,12.282180786132812,6.141,1.434
5,0.035,148546,1334220,19,94.0,2.57349,0.08968,0.24993,3.07349,11.046513248467818,2.5625049551017582,7.695129926432855,26.307812076061964,47.611960206064396,15.49117134139509,8.399e-09,1.3882716087336462e-09,1.458e-07,3.6251615631763968e-06,0.773,1068.8270568847656,6.279,5.586
5,0.075,32449,290784,19,51.0,0.8895,0.05658,0.07878,1.0895,2.3665177633520216,0.5662666435819119,0.889243534533307,5.801331990514882,9.623359931982122,8.83282233316395,7.402e-09,3.4629872365564934e-09,3.855e-07,1.8812442162746426e-06,0.162,232.94464111328125,2.949,2.41
5,0.15,8196,73134,19,28.0,0.46899,0.03911,0.04118,0.66899,0.5482741001760587,0.1459955134196207,0.13091419998090714,1.2902300138957798,2.1154138274723664,3.162100819851368,9.058e-09,4.0576840720749236e-09,2.288e-05,2.2883865059784047e-05,0.042,58.58818054199219,2.013,1.646
5,0.3,2079,18396,19,15.0,0.36901,0.04239,0.02266,0.56901,0.1260599645320326,0.04441091453190893,0.03622552496381104,0.34413790237158537,0.550834306399338,0.968057338885675,4.745e-09,1.8472020983657612e-09,0.001009,0.0010090530102204603,0.012,14.738311767578125,9.54,1.481
6,0.035,148546,1556590,21,97.0,3.66954,0.10326,0.34591,4.36954,14.95066009752918,3.0029613201040775,10.961670852964744,46.990508268470876,75.90580053906888,17.3715769941616,9.447e-09,8.055822958818867e-10,1.325e-07,3.5938597568802253e-06,0.981,1246.9646453857422,7.55,7.027
6,0.075,32449,339248,21,53.0,1.2053,0.05354,0.09382,1.5053,3.2530033600050956,0.6698485809611157,1.2666018605232239,10.326964113512076,15.516417915001512,10.307857513453472,8.979e-09,5.704435340575702e-09,1.238e-07,2.140060594709091e-06,0.205,271.76849365234375,3.383,2.747
6,0.15,8196,85323,21,29.0,0.52891,0.0466,0.04692,0.72891,0.7388566434383392,0.16605557000730187,0.17593142099212855,2.596509024966508,3.677352659404278,5.04500234515136,6.765e-09,2.652697363293128e-09,1.357e-06,1.4005456573930958e-06,0.053,68.35262298583984,2.029,1.748
6,0.3,2079,21462,21,16.0,0.40979,0.0408,0.02784,0.60979,0.18513825349509716,0.04901317704934627,0.040150939021259546,0.604205230018124,0.878507599583827,1.4406723619341526,4.413e-09,2.049110941744107e-09,0.0001702,0.0001701785282403209,0.014,17.194442749023438,14.079,1.572
