metric,strength_threshold,order,triangles,trace_dofs,iterations,relative_residual,amgx_setup_seconds,amgx_solve_seconds
symmetric_inverse_diagonal_frobenius,0.25,2,152909,686724,20,6.354420470487319e-09,1.1391765121370554,0.21392142702825367
symmetric_inverse_diagonal_frobenius,0.42,2,152909,686724,26,7.107862544112523e-09,0.3805079080630094,0.22953556408174336
symmetric_inverse_diagonal_frobenius,0.1,6,152909,1602356,64,3.821338054777298e-09,2.070751452818513,1.8599247350357473
symmetric_inverse_diagonal_frobenius,0.2,6,152909,1602356,55,4.7638082300678306e-09,2.134017819073051,1.315290931146592
symmetric_inverse_diagonal_frobenius,0.25,6,152909,1602356,53,4.528745002445501e-09,2.1546884190756828,1.2790873739868402
symmetric_inverse_diagonal_frobenius,0.3,6,152909,1602356,51,4.553337640453562e-09,2.219757637940347,1.25107994209975
symmetric_inverse_diagonal_frobenius,0.35,6,152909,1602356,47,4.90794218395832e-09,2.340758799109608,1.1822057301178575
symmetric_inverse_diagonal_frobenius,0.4,6,152909,1602356,44,4.082604519884066e-09,2.492150457110256,1.1349717460107058
symmetric_inverse_diagonal_frobenius,0.42,6,152909,1602356,42,5.02608663185139e-09,2.5867365770973265,1.0954436920583248
symmetric_inverse_diagonal_frobenius,0.44,6,152909,1602356,42,3.973900162993332e-09,2.69395264191553,1.107169529190287
symmetric_inverse_diagonal_frobenius,0.46,6,152909,1602356,68,3.997440271666138e-09,2.161237658932805,1.6663378791417927
symmetric_inverse_diagonal_frobenius,0.48,6,152909,1602356,68,3.564496284866599e-09,2.169279229827225,1.6786208769772202
symmetric_inverse_diagonal_frobenius,0.5,6,152909,1602356,63,4.954615148728387e-09,2.184631464071572,1.568982998142019
symmetric_inverse_diagonal_frobenius,0.55,6,152909,1602356,59,3.766939321217244e-09,2.2038626938592643,1.4989602179266512
symmetric_inverse_diagonal_frobenius,0.6,6,152909,1602356,52,4.527565502411438e-09,2.235645225038752,1.3537898329086602
