triangles,order,face_block_size,trace_dofs,repeat,path,matrix_format,config,iterations,relative_residual,coefficient_relative_difference_to_csr,assembly_seconds,kernel_seconds,amgx_setup_seconds,amgx_solve_seconds,reconstruction_seconds,total_seconds,matrix_bytes,pattern_bytes
152909,1,2,457816,1,csr,csr,diff_rea_gpu4_hdg_pcgf_cheb_l1_aggressive.json,21,4.391645560732232e-09,0.0,0.43991189589723945,0.01130569553375244,0.5701423189602792,0.10868750605732203,0.010987868066877127,1.7250464789103717,36566976,20114756
152909,1,2,457816,1,hybrid,bsr,diff_rea_gpu4_hdg_pcgf_cheb_l1_aggressive.json,21,6.57905562584367e-09,6.598707987322486e-09,0.07348151016049087,0.008505951881408692,0.03474738611839712,0.08258459996432066,0.006234192987903953,0.31065389700233936,36566976,5486508
152909,1,2,457816,1,pure_bsr,bsr,diff_rea_gpu4_hdg_pcgf_cheb_l1_block_graph_dense_bsr.json,15,6.216252186703522e-09,1.606874752312948e-08,0.06765260617248714,0.008495936393737793,0.43998200888745487,0.09220498707145452,0.005038938019424677,0.6646585199050605,36566976,5486508
152909,1,2,457816,2,pure_bsr,bsr,diff_rea_gpu4_hdg_pcgf_cheb_l1_block_graph_dense_bsr.json,15,6.216252190412029e-09,1.6068745303000912e-08,0.07989313104189932,0.00850979232788086,0.4399170910473913,0.07966195582412183,0.004915500059723854,0.6734558600001037,36566976,5486508
152909,1,2,457816,2,hybrid,bsr,diff_rea_gpu4_hdg_pcgf_cheb_l1_aggressive.json,21,6.579055631137311e-09,6.598711245995474e-09,0.05839445488527417,0.008510656356811523,0.034517438150942326,0.054698867024853826,0.004906116984784603,0.21034031105227768,36566976,5486508
152909,1,2,457816,2,csr,csr,diff_rea_gpu4_hdg_pcgf_cheb_l1_aggressive.json,21,4.3916455358413365e-09,0.0,0.058963109040632844,0.008507871627807617,0.46795151219703257,0.09450975013896823,0.004913609940558672,0.6843881101813167,36566976,20114756
152909,2,3,686724,1,csr,csr,diff_rea_gpu4_hdg_pcgf_cheb_l1_aggressive.json,19,8.82226474698487e-09,0.0,0.13066251622512937,0.019322687149047852,1.0833616279996932,0.13717076112516224,0.01593286101706326,1.4665855909697711,82275696,43884748
152909,2,3,686724,1,hybrid,bsr,diff_rea_gpu4_hdg_pcgf_cheb_l1_aggressive.json,20,4.666021710175444e-09,8.733132033403812e-09,0.11352117103524506,0.01932099151611328,0.05988893797621131,0.08355141594074667,0.010421855142340064,0.327777337981388,82275696,5486508
152909,2,3,686724,1,pure_bsr,bsr,diff_rea_gpu4_hdg_pcgf_cheb_l1_block_graph_dense_bsr.json,20,4.520076645578634e-09,1.540086150411825e-08,0.10588603396899998,0.019320383071899414,1.125235368963331,0.1753748650662601,0.010734505951404572,1.4761189459823072,82275696,5486508
152909,2,3,686724,2,pure_bsr,bsr,diff_rea_gpu4_hdg_pcgf_cheb_l1_block_graph_dense_bsr.json,20,4.520076624209511e-09,1.5400855207836686e-08,0.13558996096253395,0.01942937660217285,1.1262893700040877,0.17520027607679367,0.010469842003658414,1.5073490939103067,82275696,5486508
152909,2,3,686724,2,hybrid,bsr,diff_rea_gpu4_hdg_pcgf_cheb_l1_aggressive.json,20,4.666021717059545e-09,8.733130734902932e-09,0.10447090491652489,0.01942572784423828,0.060103419004008174,0.0826153988018632,0.010461237980052829,0.3159488511737436,82275696,5486508
152909,2,3,686724,2,csr,csr,diff_rea_gpu4_hdg_pcgf_cheb_l1_aggressive.json,19,8.822264758715983e-09,0.0,0.10942629002965987,0.019431264877319335,1.0890820419881493,0.13734371401369572,0.01052659098058939,1.4060627950821072,82275696,43884748
152909,3,4,915632,1,csr,csr,diff_rea_gpu4_hdg_pcgf_cheb_l1_aggressive.json,21,9.09274369429052e-09,0.0,0.3162500208709389,0.05152995300292969,0.15299436380155385,0.16293045901693404,0.027843692805618048,0.7846894720569253,146267904,76796484
152909,3,4,915632,1,hybrid,bsr,diff_rea_gpu4_hdg_pcgf_cheb_l1_aggressive.json,22,4.522850857065434e-09,9.220016362589549e-09,0.24049678188748658,0.05150921630859375,0.06393494410440326,0.12124596117064357,0.02221784694120288,0.5220620599575341,146267904,5486508
152909,3,4,915632,1,pure_bsr,bsr,diff_rea_gpu4_hdg_pcgf_cheb_l1_block_graph_dense_bsr.json,39,5.541738371440637e-09,2.0002839719075983e-08,0.22847527405247092,0.051501056671142575,0.2503711481112987,0.3691898160614073,0.02232195809483528,0.9442492108792067,146267904,5486508
152909,3,4,915632,2,pure_bsr,bsr,diff_rea_gpu4_hdg_pcgf_cheb_l1_block_graph_dense_bsr.json,39,5.54173837562187e-09,2.0002846297150243e-08,0.2570785260759294,0.051501056671142575,0.24946497101336718,0.3692165198735893,0.022151500917971134,0.9730474879033864,146267904,5486508
152909,3,4,915632,2,hybrid,bsr,diff_rea_gpu4_hdg_pcgf_cheb_l1_aggressive.json,22,4.522850854639074e-09,9.220018128412465e-09,0.2309114660602063,0.051517696380615235,0.0643609541002661,0.1210406650789082,0.022185047855600715,0.5121002530213445,146267904,5486508
152909,3,4,915632,2,csr,csr,diff_rea_gpu4_hdg_pcgf_cheb_l1_aggressive.json,21,9.092743722904678e-09,0.0,0.23689139890484512,0.05152143859863281,0.15236437600106,0.1631483498495072,0.022341684205457568,0.6503826088737696,146267904,76796484
152909,4,5,1144540,1,csr,csr,diff_rea_gpu4_hdg_pcgf_cheb_l1_aggressive.json,21,6.396335485054061e-09,0.0,0.46745471097528934,0.13267526245117187,0.17568392492830753,0.22155780298635364,0.05017847800627351,1.0353984280955046,228543600,118849964
152909,4,5,1144540,1,hybrid,bsr,diff_rea_gpu4_hdg_pcgf_cheb_l1_aggressive.json,23,1.332223194114762e-09,9.115720468323443e-09,0.3841699380427599,0.13271878051757813,0.09400868904776871,0.22809050814248621,0.0441032990347594,0.8289779310580343,228543600,5486508
152909,4,5,1144540,1,pure_bsr,bsr,diff_rea_gpu4_hdg_pcgf_cheb_l1_block_graph_dense_bsr.json,43,4.46801055936973e-09,1.61109670789123e-08,0.37973850197158754,0.13271653747558593,0.345939600141719,0.7096769879572093,0.045126209035515785,1.5437683970667422,228543600,5486508
152909,4,5,1144540,2,pure_bsr,bsr,diff_rea_gpu4_hdg_pcgf_cheb_l1_block_graph_dense_bsr.json,43,4.46801056807008e-09,1.6110971732944354e-08,0.4022342909593135,0.13376704406738282,0.34784082300029695,0.7099043719936162,0.04534524283371866,1.5675095960032195,228543600,5486508
152909,4,5,1144540,2,hybrid,bsr,diff_rea_gpu4_hdg_pcgf_cheb_l1_aggressive.json,23,1.3322231735913085e-09,9.115703462283382e-09,0.3837280720472336,0.13376602172851562,0.09403396816924214,0.2289383029565215,0.044552222127094865,0.8114107169676572,228543600,5486508
152909,4,5,1144540,2,csr,csr,diff_rea_gpu4_hdg_pcgf_cheb_l1_aggressive.json,21,6.396335490785077e-09,0.0,0.3850355490576476,0.13371574401855468,0.17663409281522036,0.22154835192486644,0.04431657097302377,0.8992022948805243,228543600,118849964
152909,5,6,1373448,1,csr,csr,diff_rea_gpu4_hdg_pcgf_cheb_l1_aggressive.json,19,8.95954180880903e-09,0.0,0.6957971339579672,0.2257645721435547,0.7251328439451754,0.28424755414016545,0.09214197006076574,1.913800265872851,329102784,170045188
152909,5,6,1373448,1,hybrid,bsr,diff_rea_gpu4_hdg_pcgf_cheb_l1_aggressive.json,20,3.930923534403544e-09,5.747164191150434e-09,0.5926334408577532,0.22580178833007813,0.138706942088902,0.22795430989935994,0.08788762800395489,1.1083916770294309,329102784,5486508
152909,5,6,1373448,1,pure_bsr,bsr,diff_rea_gpu4_hdg_pcgf_cheb_l1_block_graph_dense_bsr.json,49,5.0940139131303005e-09,2.2370129035024666e-08,0.5917645820882171,0.22578994750976564,0.4661969970911741,0.9288420830853283,0.08948353910818696,2.137704489985481,329102784,5486508
152909,5,6,1373448,2,pure_bsr,bsr,diff_rea_gpu4_hdg_pcgf_cheb_l1_block_graph_dense_bsr.json,49,5.094013911240878e-09,2.2370116287705992e-08,0.6155541311018169,0.2258877410888672,0.4657706019934267,0.9295170190744102,0.08959794114343822,2.163257357198745,329102784,5486508
152909,5,6,1373448,2,hybrid,bsr,diff_rea_gpu4_hdg_pcgf_cheb_l1_aggressive.json,20,3.930923544113037e-09,5.7471725414716865e-09,0.5934527339413762,0.2276083221435547,0.1384321628138423,0.22834489704109728,0.08837648900225759,1.1098496299237013,329102784,5486508
152909,5,6,1373448,2,csr,csr,diff_rea_gpu4_hdg_pcgf_cheb_l1_aggressive.json,19,8.959541810962195e-09,0.0,0.6067492039874196,0.2276510009765625,0.7312981220893562,0.28403446287848055,0.08761979709379375,1.7753907009027898,329102784,170045188
152909,6,7,1602356,1,csr,csr,diff_rea_gpu4_hdg_pcgf_cheb_l1_aggressive.json,21,7.592553785423219e-09,0.0,1.17995866201818,0.4603219909667969,0.7002337409649044,0.3867275060620159,0.22868023696355522,2.614123542094603,447945456,230382156
152909,6,7,1602356,1,hybrid,bsr,diff_rea_gpu4_hdg_pcgf_cheb_l1_aggressive.json,22,3.0677433758052875e-09,8.062007132232625e-09,1.0242588419932872,0.460500244140625,0.1773355519399047,0.27645007404498756,0.2243920611217618,1.7665316129568964,447945456,5486508
152909,6,7,1602356,1,pure_bsr,bsr,diff_rea_gpu4_hdg_pcgf_cheb_l1_block_graph_dense_bsr.json,53,3.6113717291303025e-09,1.8063606437362063e-08,1.0118178110569715,0.46040475463867186,0.6409489130601287,1.2310480079613626,0.22417765413410962,3.1813714320305735,447945456,5486508
152909,6,7,1602356,2,pure_bsr,bsr,diff_rea_gpu4_hdg_pcgf_cheb_l1_block_graph_dense_bsr.json,53,3.611371727069246e-09,1.8063600447618035e-08,1.0270514488220215,0.46041241455078125,0.6388483371119946,1.231172249885276,0.22629720414988697,3.1875286779832095,447945456,5486508
152909,6,7,1602356,2,hybrid,bsr,diff_rea_gpu4_hdg_pcgf_cheb_l1_aggressive.json,22,3.0677433792254477e-09,8.061966775983285e-09,1.01578607596457,0.46401162719726563,0.17770450306124985,0.27693977602757514,0.2258491951506585,1.7609476570505649,447945456,5486508
152909,6,7,1602356,2,csr,csr,diff_rea_gpu4_hdg_pcgf_cheb_l1_aggressive.json,21,7.592553784539477e-09,0.0,1.0271446520928293,0.4639956665039062,0.7046214998699725,0.38775392598472536,0.22490239585749805,2.4095982138533145,447945456,230382156
