target_triangles,timing_role,domain,triangles,order,face_block_size,trace_dofs,tau,repeat,matrix_format,config,solver,preconditioner,matrix_bytes,pattern_bytes,assembly_seconds,kernel_seconds,amgx_setup_seconds,amgx_solve_seconds,reconstruction_seconds,total_seconds,iterations,relative_residual,l2_error,coefficient_relative_difference
100000,warmup,"unstructured disk, radius=5, mesh-size=0.0427",99896,1,2,298952,0.20000182199597705,1,csr,diff_rea_gpu4_hdg_pcgf_cheb_l1_aggressive.json,PCGF,AMG / CLASSICAL / PMIS / D2 / CHEBYSHEV / V-cycle / pre/post=0/3,23869056,13130340,0.4219044940546155,0.007380032062530518,0.2606416509952396,0.08117698319256306,0.01000889902934432,1.317769835004583,21,5.384146987310115e-09,,1.5473687648747374e-14
100000,warmup,"unstructured disk, radius=5, mesh-size=0.0427",99896,1,2,298952,0.20000182199597705,1,bsr,diff_rea_gpu4_hdg_pcgf_cheb_l1_aggressive.json,PCGF,AMG / CLASSICAL / PMIS / D2 / CHEBYSHEV / V-cycle / pre/post=0/3,23869056,3581540,0.053335436852648854,0.005602880001068115,0.16493092197924852,0.08941061911173165,0.004762939875945449,0.4305620389059186,21,5.384146999384895e-09,,1.5473687648747374e-14
100000,measured,"unstructured disk, radius=5, mesh-size=0.0427",99896,1,2,298952,0.20000182199597705,2,bsr,diff_rea_gpu4_hdg_pcgf_cheb_l1_aggressive.json,PCGF,AMG / CLASSICAL / PMIS / D2 / CHEBYSHEV / V-cycle / pre/post=0/3,23869056,3581540,0.0478323670104146,0.0055848960876464845,0.1648608148097992,0.05757038714364171,0.003500071121379733,0.33394256606698036,21,5.384146985202363e-09,,7.933754273440128e-15
100000,measured,"unstructured disk, radius=5, mesh-size=0.0427",99896,1,2,298952,0.20000182199597705,2,csr,diff_rea_gpu4_hdg_pcgf_cheb_l1_aggressive.json,PCGF,AMG / CLASSICAL / PMIS / D2 / CHEBYSHEV / V-cycle / pre/post=0/3,23869056,13130340,0.04143268894404173,0.005583487987518311,0.1628161440603435,0.061519353883340955,0.0035095419734716415,0.3282505969982594,21,5.384146976452833e-09,,7.933754273440128e-15
100000,measured,"unstructured disk, radius=5, mesh-size=0.0427",99896,1,2,298952,0.20000182199597705,3,csr,diff_rea_gpu4_hdg_pcgf_cheb_l1_aggressive.json,PCGF,AMG / CLASSICAL / PMIS / D2 / CHEBYSHEV / V-cycle / pre/post=0/3,23869056,13130340,0.04020938603207469,0.005582655906677246,0.16283554513938725,0.061653170036152005,0.003702718997374177,0.32776058302260935,21,5.384146996858279e-09,,1.593621612012647e-14
100000,measured,"unstructured disk, radius=5, mesh-size=0.0427",99896,1,2,298952,0.20000182199597705,3,bsr,diff_rea_gpu4_hdg_pcgf_cheb_l1_aggressive.json,PCGF,AMG / CLASSICAL / PMIS / D2 / CHEBYSHEV / V-cycle / pre/post=0/3,23869056,3581540,0.040086929919198155,0.005578783988952637,0.164798635058105,0.05754095199517906,0.0035145001020282507,0.32435516407713294,21,5.3841470018231e-09,,1.593621612012647e-14
100000,warmup,"unstructured disk, radius=5, mesh-size=0.0427",99896,2,3,448428,0.20000182199597705,1,csr,diff_rea_gpu4_hdg_pcgf_cheb_l1_aggressive.json,PCGF,AMG / CLASSICAL / PMIS / D2 / CHEBYSHEV / V-cycle / pre/post=0/3,53705376,28646404,0.43749930686317384,0.016750911712646484,0.418861712096259,0.10149593697860837,0.013586845016106963,1.4688166428823024,19,9.800876717060805e-09,,1.187217436860999e-08
100000,warmup,"unstructured disk, radius=5, mesh-size=0.0427",99896,2,3,448428,0.20000182199597705,1,bsr,diff_rea_gpu4_hdg_pcgf_cheb_l1_aggressive.json,PCGF,AMG / CLASSICAL / PMIS / D2 / CHEBYSHEV / V-cycle / pre/post=0/3,53705376,3581540,0.08374801999889314,0.012692288398742676,0.036524364026263356,0.08799409703351557,0.0073292371816933155,0.28796490491367877,20,4.8211015240070635e-09,,1.187217436860999e-08
100000,measured,"unstructured disk, radius=5, mesh-size=0.0427",99896,2,3,448428,0.20000182199597705,2,bsr,diff_rea_gpu4_hdg_pcgf_cheb_l1_aggressive.json,PCGF,AMG / CLASSICAL / PMIS / D2 / CHEBYSHEV / V-cycle / pre/post=0/3,53705376,3581540,0.07981289201416075,0.012689599990844727,0.03634969191625714,0.0549459510948509,0.007143261143937707,0.2384043470956385,20,4.821101527929566e-09,,1.1872170589628146e-08
100000,measured,"unstructured disk, radius=5, mesh-size=0.0427",99896,2,3,448428,0.20000182199597705,2,csr,diff_rea_gpu4_hdg_pcgf_cheb_l1_aggressive.json,PCGF,AMG / CLASSICAL / PMIS / D2 / CHEBYSHEV / V-cycle / pre/post=0/3,53705376,28646404,0.07748020882718265,0.012689279556274415,0.34439096599817276,0.08749853004701436,0.007146384101361036,0.575440171873197,19,9.800876707537022e-09,,1.1872170589628146e-08
100000,measured,"unstructured disk, radius=5, mesh-size=0.0427",99896,2,3,448428,0.20000182199597705,3,csr,diff_rea_gpu4_hdg_pcgf_cheb_l1_aggressive.json,PCGF,AMG / CLASSICAL / PMIS / D2 / CHEBYSHEV / V-cycle / pre/post=0/3,53705376,28646404,0.07780623808503151,0.012830047607421876,0.3471056909766048,0.08784385398030281,0.007200112100690603,0.5788895469158888,19,9.800876704415556e-09,,1.1872173391570592e-08
100000,measured,"unstructured disk, radius=5, mesh-size=0.0427",99896,2,3,448428,0.20000182199597705,3,bsr,diff_rea_gpu4_hdg_pcgf_cheb_l1_aggressive.json,PCGF,AMG / CLASSICAL / PMIS / D2 / CHEBYSHEV / V-cycle / pre/post=0/3,53705376,3581540,0.08159596403129399,0.01278883171081543,0.03648227802477777,0.055089784786105156,0.0071881168987601995,0.2462704200297594,20,4.821101529236062e-09,,1.1872173391570592e-08
100000,warmup,"unstructured disk, radius=5, mesh-size=0.0427",99896,3,4,597904,0.20000182199597705,1,csr,diff_rea_gpu4_hdg_pcgf_cheb_l1_aggressive.json,PCGF,AMG / CLASSICAL / PMIS / D2 / CHEBYSHEV / V-cycle / pre/post=0/3,95476224,50129732,0.5602771679405123,0.04447878265380859,0.13632882782258093,0.13767388905398548,0.022603200050070882,1.3812653948552907,21,8.978255456904209e-09,,9.394069714132492e-09
100000,warmup,"unstructured disk, radius=5, mesh-size=0.0427",99896,3,4,597904,0.20000182199597705,1,bsr,diff_rea_gpu4_hdg_pcgf_cheb_l1_aggressive.json,PCGF,AMG / CLASSICAL / PMIS / D2 / CHEBYSHEV / V-cycle / pre/post=0/3,95476224,3581540,0.16299415403045714,0.033914432525634766,0.04589642211794853,0.10665404610335827,0.015093587804585695,0.40799869503825903,22,4.862055388186243e-09,,9.394069714132492e-09
100000,measured,"unstructured disk, radius=5, mesh-size=0.0427",99896,3,4,597904,0.20000182199597705,2,bsr,diff_rea_gpu4_hdg_pcgf_cheb_l1_aggressive.json,PCGF,AMG / CLASSICAL / PMIS / D2 / CHEBYSHEV / V-cycle / pre/post=0/3,95476224,3581540,0.16424173396080732,0.03390284729003906,0.0452009760774672,0.08285847608931363,0.014925950905308127,0.3914216810371727,22,4.862055397167758e-09,,9.394068713101121e-09
100000,measured,"unstructured disk, radius=5, mesh-size=0.0427",99896,3,4,597904,0.20000182199597705,2,csr,diff_rea_gpu4_hdg_pcgf_cheb_l1_aggressive.json,PCGF,AMG / CLASSICAL / PMIS / D2 / CHEBYSHEV / V-cycle / pre/post=0/3,95476224,50129732,0.1636926659848541,0.03390889739990234,0.0708107859827578,0.10972962598316371,0.014931944897398353,0.44271417590789497,21,8.978255460710433e-09,,9.394068713101121e-09
100000,measured,"unstructured disk, radius=5, mesh-size=0.0427",99896,3,4,597904,0.20000182199597705,3,csr,diff_rea_gpu4_hdg_pcgf_cheb_l1_aggressive.json,PCGF,AMG / CLASSICAL / PMIS / D2 / CHEBYSHEV / V-cycle / pre/post=0/3,95476224,50129732,0.16482214210554957,0.03395961761474609,0.07088820892386138,0.10971760796383023,0.014943171991035342,0.44609410082921386,21,8.978255428351724e-09,,9.394060226582922e-09
100000,measured,"unstructured disk, radius=5, mesh-size=0.0427",99896,3,4,597904,0.20000182199597705,3,bsr,diff_rea_gpu4_hdg_pcgf_cheb_l1_aggressive.json,PCGF,AMG / CLASSICAL / PMIS / D2 / CHEBYSHEV / V-cycle / pre/post=0/3,95476224,3581540,0.15896064206026495,0.033896095275878904,0.04513822006992996,0.0832692279946059,0.01493711513467133,0.38604758912697434,22,4.862055395294327e-09,,9.394060226582922e-09
100000,warmup,"unstructured disk, radius=5, mesh-size=0.0427",99896,4,5,747380,0.20000182199597705,1,csr,diff_rea_gpu4_hdg_pcgf_cheb_l1_aggressive.json,PCGF,AMG / CLASSICAL / PMIS / D2 / CHEBYSHEV / V-cycle / pre/post=0/3,149181600,77580324,0.6725650299340487,0.11442153930664062,0.14594745403155684,0.16696484899148345,0.03519963496364653,1.4842417289037257,21,7.439451784028372e-09,,1.2127343560232598e-08
100000,warmup,"unstructured disk, radius=5, mesh-size=0.0427",99896,4,5,747380,0.20000182199597705,1,bsr,diff_rea_gpu4_hdg_pcgf_cheb_l1_aggressive.json,PCGF,AMG / CLASSICAL / PMIS / D2 / CHEBYSHEV / V-cycle / pre/post=0/3,149181600,3581540,0.2598262978717685,0.08739020538330078,0.06475744000636041,0.16444579511880875,0.029491193126887083,0.5991377499885857,22,3.7191801126273376e-09,,1.2127343560232598e-08
100000,measured,"unstructured disk, radius=5, mesh-size=0.0427",99896,4,5,747380,0.20000182199597705,2,bsr,diff_rea_gpu4_hdg_pcgf_cheb_l1_aggressive.json,PCGF,AMG / CLASSICAL / PMIS / D2 / CHEBYSHEV / V-cycle / pre/post=0/3,149181600,3581540,0.2519252779893577,0.08738220977783204,0.06439036200754344,0.14638986182399094,0.029291660990566015,0.5543701958376914,22,3.7191800889385967e-09,,1.212735707629243e-08
100000,measured,"unstructured disk, radius=5, mesh-size=0.0427",99896,4,5,747380,0.20000182199597705,2,csr,diff_rea_gpu4_hdg_pcgf_cheb_l1_aggressive.json,PCGF,AMG / CLASSICAL / PMIS / D2 / CHEBYSHEV / V-cycle / pre/post=0/3,149181600,77580324,0.2565245220903307,0.08736006164550782,0.08158334903419018,0.14743799297139049,0.02927876403555274,0.576973358169198,21,7.4394517657909645e-09,,1.212735707629243e-08
100000,measured,"unstructured disk, radius=5, mesh-size=0.0427",99896,4,5,747380,0.20000182199597705,3,csr,diff_rea_gpu4_hdg_pcgf_cheb_l1_aggressive.json,PCGF,AMG / CLASSICAL / PMIS / D2 / CHEBYSHEV / V-cycle / pre/post=0/3,149181600,77580324,0.25389967602677643,0.08732755279541016,0.08144062897190452,0.14738408592529595,0.029682694002985954,0.5754188329447061,21,7.439451784862336e-09,,1.2127335852263636e-08
100000,measured,"unstructured disk, radius=5, mesh-size=0.0427",99896,4,5,747380,0.20000182199597705,3,bsr,diff_rea_gpu4_hdg_pcgf_cheb_l1_aggressive.json,PCGF,AMG / CLASSICAL / PMIS / D2 / CHEBYSHEV / V-cycle / pre/post=0/3,149181600,3581540,0.248601830098778,0.08734105682373047,0.06425419286824763,0.1468513929285109,0.029294870095327497,0.5522631469648331,22,3.719180110300527e-09,,1.2127335852263636e-08
100000,warmup,"unstructured disk, radius=5, mesh-size=0.0427",99896,5,6,896856,0.20000182199597705,1,csr,diff_rea_gpu4_hdg_pcgf_cheb_l1_aggressive.json,PCGF,AMG / CLASSICAL / PMIS / D2 / CHEBYSHEV / V-cycle / pre/post=0/3,214821504,110998180,0.9268363991286606,0.17669725036621095,0.29284349689260125,0.2000791528262198,0.062141523929312825,1.9460126229096204,19,7.0406160161638445e-09,,6.063157915519519e-09
100000,warmup,"unstructured disk, radius=5, mesh-size=0.0427",99896,5,6,896856,0.20000182199597705,1,bsr,diff_rea_gpu4_hdg_pcgf_cheb_l1_aggressive.json,PCGF,AMG / CLASSICAL / PMIS / D2 / CHEBYSHEV / V-cycle / pre/post=0/3,214821504,3581540,0.4075419260188937,0.14739427185058593,0.09102809708565474,0.18059085309505463,0.057604005094617605,0.8125689460430294,20,2.587351593235738e-09,,6.063157915519519e-09
100000,measured,"unstructured disk, radius=5, mesh-size=0.0427",99896,5,6,896856,0.20000182199597705,2,bsr,diff_rea_gpu4_hdg_pcgf_cheb_l1_aggressive.json,PCGF,AMG / CLASSICAL / PMIS / D2 / CHEBYSHEV / V-cycle / pre/post=0/3,214821504,3581540,0.39809456816874444,0.14754531860351563,0.09084955486468971,0.15200029406696558,0.057861540000885725,0.75922757294029,20,2.587351582591164e-09,,6.063164763994271e-09
100000,measured,"unstructured disk, radius=5, mesh-size=0.0427",99896,5,6,896856,0.20000182199597705,2,csr,diff_rea_gpu4_hdg_pcgf_cheb_l1_aggressive.json,PCGF,AMG / CLASSICAL / PMIS / D2 / CHEBYSHEV / V-cycle / pre/post=0/3,214821504,110998180,0.4049058079253882,0.1476199951171875,0.25112356315366924,0.18700034311041236,0.05728134815581143,0.9618916381150484,19,7.0406160118987474e-09,,6.063164763994271e-09
100000,measured,"unstructured disk, radius=5, mesh-size=0.0427",99896,5,6,896856,0.20000182199597705,3,csr,diff_rea_gpu4_hdg_pcgf_cheb_l1_aggressive.json,PCGF,AMG / CLASSICAL / PMIS / D2 / CHEBYSHEV / V-cycle / pre/post=0/3,214821504,110998180,0.4114515131805092,0.14791343688964845,0.2525332379154861,0.18716153502464294,0.05726929195225239,0.9715333338826895,19,7.040616015605937e-09,,6.0631663107730865e-09
100000,measured,"unstructured disk, radius=5, mesh-size=0.0427",99896,5,6,896856,0.20000182199597705,3,bsr,diff_rea_gpu4_hdg_pcgf_cheb_l1_aggressive.json,PCGF,AMG / CLASSICAL / PMIS / D2 / CHEBYSHEV / V-cycle / pre/post=0/3,214821504,3581540,0.3974501849152148,0.1479173126220703,0.09089845302514732,0.15219625108875334,0.0580927231349051,0.758904499001801,20,2.5873515855253557e-09,,6.0631663107730865e-09
100000,warmup,"unstructured disk, radius=5, mesh-size=0.0427",99896,6,7,1046332,0.20000182199597705,1,csr,diff_rea_gpu4_hdg_pcgf_cheb_l1_aggressive.json,PCGF,AMG / CLASSICAL / PMIS / D2 / CHEBYSHEV / V-cycle / pre/post=0/3,292395936,150383300,1.1710369139909744,0.33357342529296874,0.28557318984530866,0.2665063871536404,0.15117691503837705,2.3306694908533245,21,9.045221264574662e-09,,7.816785406323692e-09
100000,warmup,"unstructured disk, radius=5, mesh-size=0.0427",99896,6,7,1046332,0.20000182199597705,1,bsr,diff_rea_gpu4_hdg_pcgf_cheb_l1_aggressive.json,PCGF,AMG / CLASSICAL / PMIS / D2 / CHEBYSHEV / V-cycle / pre/post=0/3,292395936,3581540,0.6240009148605168,0.2991794128417969,0.11636047600768507,0.21117262402549386,0.14644971303641796,1.1799184281844646,22,3.783537880858129e-09,,7.816785406323692e-09
100000,measured,"unstructured disk, radius=5, mesh-size=0.0427",99896,6,7,1046332,0.20000182199597705,2,bsr,diff_rea_gpu4_hdg_pcgf_cheb_l1_aggressive.json,PCGF,AMG / CLASSICAL / PMIS / D2 / CHEBYSHEV / V-cycle / pre/post=0/3,292395936,3581540,0.6188734520692378,0.2992109375,0.11620184290222824,0.18438961310312152,0.1463862331584096,1.1275591340381652,22,3.783537879493065e-09,,7.816806516577432e-09
100000,measured,"unstructured disk, radius=5, mesh-size=0.0427",99896,6,7,1046332,0.20000182199597705,2,csr,diff_rea_gpu4_hdg_pcgf_cheb_l1_aggressive.json,PCGF,AMG / CLASSICAL / PMIS / D2 / CHEBYSHEV / V-cycle / pre/post=0/3,292395936,150383300,0.6372629259712994,0.2991891784667969,0.2506453189998865,0.25445534102618694,0.14539632806554437,1.3580226709600538,21,9.045221276521223e-09,,7.816806516577432e-09
100000,measured,"unstructured disk, radius=5, mesh-size=0.0427",99896,6,7,1046332,0.20000182199597705,3,csr,diff_rea_gpu4_hdg_pcgf_cheb_l1_aggressive.json,PCGF,AMG / CLASSICAL / PMIS / D2 / CHEBYSHEV / V-cycle / pre/post=0/3,292395936,150383300,0.6331271331291646,0.2991410522460938,0.2489327290095389,0.25436858809553087,0.145488312933594,1.3451736909337342,21,9.045221264104695e-09,,7.816785796889153e-09
100000,measured,"unstructured disk, radius=5, mesh-size=0.0427",99896,6,7,1046332,0.20000182199597705,3,bsr,diff_rea_gpu4_hdg_pcgf_cheb_l1_aggressive.json,PCGF,AMG / CLASSICAL / PMIS / D2 / CHEBYSHEV / V-cycle / pre/post=0/3,292395936,3581540,0.6349600700195879,0.29923553466796876,0.1160231800749898,0.18421143805608153,0.14620260312221944,1.1430697231553495,22,3.783537881009618e-09,,7.816785796889153e-09
125000,warmup,"unstructured disk, radius=5, mesh-size=0.0382",124831,1,2,373670,0.20000145714480322,1,csr,diff_rea_gpu4_hdg_pcgf_cheb_l1_aggressive.json,PCGF,AMG / CLASSICAL / PMIS / D2 / CHEBYSHEV / V-cycle / pre/post=0/3,29840928,16415148,0.43075618986040354,0.00923744010925293,0.37748010107316077,0.09179257694631815,0.008974249009042978,1.383175813127309,21,5.044235074363468e-09,,6.3179761231465514e-09
125000,warmup,"unstructured disk, radius=5, mesh-size=0.0382",124831,1,2,373670,0.20000145714480322,1,bsr,diff_rea_gpu4_hdg_pcgf_cheb_l1_aggressive.json,PCGF,AMG / CLASSICAL / PMIS / D2 / CHEBYSHEV / V-cycle / pre/post=0/3,29840928,4477460,0.058416065061464906,0.007051519870758057,0.02943224203772843,0.07667103898711503,0.00423229206353426,0.24077863316051662,21,6.754957964105351e-09,,6.3179761231465514e-09
125000,measured,"unstructured disk, radius=5, mesh-size=0.0382",124831,1,2,373670,0.20000145714480322,2,bsr,diff_rea_gpu4_hdg_pcgf_cheb_l1_aggressive.json,PCGF,AMG / CLASSICAL / PMIS / D2 / CHEBYSHEV / V-cycle / pre/post=0/3,29840928,4477460,0.05342065403237939,0.007043136119842529,0.02900528791360557,0.045122550800442696,0.004097844008356333,0.18971118098124862,21,6.754957981789933e-09,,6.3179723980859895e-09
125000,measured,"unstructured disk, radius=5, mesh-size=0.0382",124831,1,2,373670,0.20000145714480322,2,csr,diff_rea_gpu4_hdg_pcgf_cheb_l1_aggressive.json,PCGF,AMG / CLASSICAL / PMIS / D2 / CHEBYSHEV / V-cycle / pre/post=0/3,29840928,16415148,0.05110974004492164,0.0070488319396972655,0.275138549041003,0.07721478608436882,0.004083113977685571,0.4661666441243142,21,5.0442350659881985e-09,,6.3179723980859895e-09
125000,measured,"unstructured disk, radius=5, mesh-size=0.0382",124831,1,2,373670,0.20000145714480322,3,csr,diff_rea_gpu4_hdg_pcgf_cheb_l1_aggressive.json,PCGF,AMG / CLASSICAL / PMIS / D2 / CHEBYSHEV / V-cycle / pre/post=0/3,29840928,16415148,0.05826910794712603,0.007058176040649414,0.27514605899341404,0.07722900994122028,0.004084388026967645,0.47663180786184967,21,5.04423506373645e-09,,6.317971710990708e-09
125000,measured,"unstructured disk, radius=5, mesh-size=0.0382",124831,1,2,373670,0.20000145714480322,3,bsr,diff_rea_gpu4_hdg_pcgf_cheb_l1_aggressive.json,PCGF,AMG / CLASSICAL / PMIS / D2 / CHEBYSHEV / V-cycle / pre/post=0/3,29840928,4477460,0.049661563942208886,0.00704307222366333,0.028977581998333335,0.04511351604014635,0.004088804125785828,0.18595304992049932,21,6.754957989024216e-09,,6.317971710990708e-09
125000,warmup,"unstructured disk, radius=5, mesh-size=0.0382",124831,2,3,560505,0.20000145714480322,1,csr,diff_rea_gpu4_hdg_pcgf_cheb_l1_aggressive.json,PCGF,AMG / CLASSICAL / PMIS / D2 / CHEBYSHEV / V-cycle / pre/post=0/3,67142088,35813068,0.4551694879774004,0.020936704635620116,0.6962529849261045,0.12503077904693782,0.013021373888477683,1.7830291481222957,19,9.461053998385286e-09,,1.1128085565411762e-08
125000,warmup,"unstructured disk, radius=5, mesh-size=0.0382",124831,2,3,560505,0.20000145714480322,1,bsr,diff_rea_gpu4_hdg_pcgf_cheb_l1_aggressive.json,PCGF,AMG / CLASSICAL / PMIS / D2 / CHEBYSHEV / V-cycle / pre/post=0/3,67142088,4477460,0.13979595596902072,0.016055168151855467,0.04845648817718029,0.10139529500156641,0.008954411838203669,0.37587859691120684,20,4.485118390493725e-09,,1.1128085565411762e-08
125000,measured,"unstructured disk, radius=5, mesh-size=0.0382",124831,2,3,560505,0.20000145714480322,2,bsr,diff_rea_gpu4_hdg_pcgf_cheb_l1_aggressive.json,PCGF,AMG / CLASSICAL / PMIS / D2 / CHEBYSHEV / V-cycle / pre/post=0/3,67142088,4477460,0.09253259398974478,0.01602243232727051,0.048314387910068035,0.06875328905880451,0.008777278009802103,0.2771710781380534,20,4.485118401317041e-09,,1.1128089092355087e-08
125000,measured,"unstructured disk, radius=5, mesh-size=0.0382",124831,2,3,560505,0.20000145714480322,2,csr,diff_rea_gpu4_hdg_pcgf_cheb_l1_aggressive.json,PCGF,AMG / CLASSICAL / PMIS / D2 / CHEBYSHEV / V-cycle / pre/post=0/3,67142088,35813068,0.09688592096790671,0.016021535873413085,0.6242383690550923,0.11128469905816019,0.008967956993728876,0.9011005519423634,19,9.461053988173582e-09,,1.1128089092355087e-08
125000,measured,"unstructured disk, radius=5, mesh-size=0.0382",124831,2,3,560505,0.20000145714480322,3,csr,diff_rea_gpu4_hdg_pcgf_cheb_l1_aggressive.json,PCGF,AMG / CLASSICAL / PMIS / D2 / CHEBYSHEV / V-cycle / pre/post=0/3,67142088,35813068,0.09772745799273252,0.016022111892700194,0.6243715349119157,0.11123480601236224,0.008857230888679624,0.9049350619316101,19,9.461054006175598e-09,,1.1128084831545806e-08
125000,measured,"unstructured disk, radius=5, mesh-size=0.0382",124831,2,3,560505,0.20000145714480322,3,bsr,diff_rea_gpu4_hdg_pcgf_cheb_l1_aggressive.json,PCGF,AMG / CLASSICAL / PMIS / D2 / CHEBYSHEV / V-cycle / pre/post=0/3,67142088,4477460,0.10031744698062539,0.0160183048248291,0.048428853042423725,0.0687649289611727,0.008795313071459532,0.28983617201447487,20,4.485118405393684e-09,,1.1128084831545806e-08
125000,warmup,"unstructured disk, radius=5, mesh-size=0.0382",124831,3,4,747340,0.20000145714480322,1,csr,diff_rea_gpu4_hdg_pcgf_cheb_l1_aggressive.json,PCGF,AMG / CLASSICAL / PMIS / D2 / CHEBYSHEV / V-cycle / pre/post=0/3,119363712,62671220,0.5996292750351131,0.05553622436523437,0.17677982803434134,0.1485809360165149,0.024713749065995216,1.4333772610407323,21,8.771558310176292e-09,,1.4671871542585537e-08
125000,warmup,"unstructured disk, radius=5, mesh-size=0.0382",124831,3,4,747340,0.20000145714480322,1,bsr,diff_rea_gpu4_hdg_pcgf_cheb_l1_aggressive.json,PCGF,AMG / CLASSICAL / PMIS / D2 / CHEBYSHEV / V-cycle / pre/post=0/3,119363712,4477460,0.20393247390165925,0.042464031219482425,0.05271625705063343,0.11920365691184998,0.018591786036267877,0.48475489392876625,22,4.154198423428431e-09,,1.4671871542585537e-08
125000,measured,"unstructured disk, radius=5, mesh-size=0.0382",124831,3,4,747340,0.20000145714480322,2,bsr,diff_rea_gpu4_hdg_pcgf_cheb_l1_aggressive.json,PCGF,AMG / CLASSICAL / PMIS / D2 / CHEBYSHEV / V-cycle / pre/post=0/3,119363712,4477460,0.19697881303727627,0.042462718963623046,0.05257654399611056,0.10110000893473625,0.01844135602004826,0.45065679610706866,22,4.1541984281867045e-09,,1.4671895443070565e-08
125000,measured,"unstructured disk, radius=5, mesh-size=0.0382",124831,3,4,747340,0.20000145714480322,2,csr,diff_rea_gpu4_hdg_pcgf_cheb_l1_aggressive.json,PCGF,AMG / CLASSICAL / PMIS / D2 / CHEBYSHEV / V-cycle / pre/post=0/3,119363712,62671220,0.2032120330259204,0.04248128128051758,0.10570896090939641,0.1349856669548899,0.01850621309131384,0.5402423110790551,21,8.77155832878206e-09,,1.4671895443070565e-08
125000,measured,"unstructured disk, radius=5, mesh-size=0.0382",124831,3,4,747340,0.20000145714480322,3,csr,diff_rea_gpu4_hdg_pcgf_cheb_l1_aggressive.json,PCGF,AMG / CLASSICAL / PMIS / D2 / CHEBYSHEV / V-cycle / pre/post=0/3,119363712,62671220,0.2009813659824431,0.04248371124267578,0.10565989394672215,0.1349365448113531,0.01842485717497766,0.5388007110450417,21,8.771558306411453e-09,,1.4671880330928004e-08
125000,measured,"unstructured disk, radius=5, mesh-size=0.0382",124831,3,4,747340,0.20000145714480322,3,bsr,diff_rea_gpu4_hdg_pcgf_cheb_l1_aggressive.json,PCGF,AMG / CLASSICAL / PMIS / D2 / CHEBYSHEV / V-cycle / pre/post=0/3,119363712,4477460,0.19522617594338953,0.04246278381347656,0.05247793602757156,0.10108099691569805,0.018481962149962783,0.4444997878745198,22,4.154198438442367e-09,,1.4671880330928004e-08
125000,warmup,"unstructured disk, radius=5, mesh-size=0.0382",124831,4,5,934175,0.20000145714480322,1,csr,diff_rea_gpu4_hdg_pcgf_cheb_l1_aggressive.json,PCGF,AMG / CLASSICAL / PMIS / D2 / CHEBYSHEV / V-cycle / pre/post=0/3,186505800,96989604,0.7578764699865133,0.1403480682373047,0.15973455202765763,0.19471496297046542,0.04138248320668936,1.6071211360394955,21,6.744312832963284e-09,,1.130732238303917e-08
125000,warmup,"unstructured disk, radius=5, mesh-size=0.0382",124831,4,5,934175,0.20000145714480322,1,bsr,diff_rea_gpu4_hdg_pcgf_cheb_l1_aggressive.json,PCGF,AMG / CLASSICAL / PMIS / D2 / CHEBYSHEV / V-cycle / pre/post=0/3,186505800,4477460,0.31491835694760084,0.10940815734863281,0.07979708188213408,0.19888718682341278,0.03727552993223071,0.7047638350632042,22,3.653275864201643e-09,,1.130732238303917e-08
125000,measured,"unstructured disk, radius=5, mesh-size=0.0382",124831,4,5,934175,0.20000145714480322,2,bsr,diff_rea_gpu4_hdg_pcgf_cheb_l1_aggressive.json,PCGF,AMG / CLASSICAL / PMIS / D2 / CHEBYSHEV / V-cycle / pre/post=0/3,186505800,4477460,0.31164627987891436,0.11010028839111329,0.07977782282978296,0.18167868722230196,0.03706720797345042,0.6701809680089355,22,3.653275860264875e-09,,1.1307311656075111e-08
125000,measured,"unstructured disk, radius=5, mesh-size=0.0382",124831,4,5,934175,0.20000145714480322,2,csr,diff_rea_gpu4_hdg_pcgf_cheb_l1_aggressive.json,PCGF,AMG / CLASSICAL / PMIS / D2 / CHEBYSHEV / V-cycle / pre/post=0/3,186505800,96989604,0.31466086697764695,0.11005558776855469,0.11961293499916792,0.18256683694198728,0.03679865598678589,0.7151503178756684,21,6.744312838926835e-09,,1.1307311656075111e-08
125000,measured,"unstructured disk, radius=5, mesh-size=0.0382",124831,4,5,934175,0.20000145714480322,3,csr,diff_rea_gpu4_hdg_pcgf_cheb_l1_aggressive.json,PCGF,AMG / CLASSICAL / PMIS / D2 / CHEBYSHEV / V-cycle / pre/post=0/3,186505800,96989604,0.3118940289132297,0.11005683135986329,0.11967662000097334,0.18196925893425941,0.03669989015907049,0.7116971041541547,21,6.744312834391926e-09,,1.1307350812418856e-08
125000,measured,"unstructured disk, radius=5, mesh-size=0.0382",124831,4,5,934175,0.20000145714480322,3,bsr,diff_rea_gpu4_hdg_pcgf_cheb_l1_aggressive.json,PCGF,AMG / CLASSICAL / PMIS / D2 / CHEBYSHEV / V-cycle / pre/post=0/3,186505800,4477460,0.3076354630757123,0.110095458984375,0.08061823411844671,0.18243982689455152,0.03746028896421194,0.6785647820215672,22,3.653275860060525e-09,,1.1307350812418856e-08
125000,warmup,"unstructured disk, radius=5, mesh-size=0.0382",124831,5,6,1121010,0.20000145714480322,1,csr,diff_rea_gpu4_hdg_pcgf_cheb_l1_aggressive.json,PCGF,AMG / CLASSICAL / PMIS / D2 / CHEBYSHEV / V-cycle / pre/post=0/3,268568352,138768220,1.0130773622076958,0.23791999816894532,0.4652737269643694,0.24632222088985145,0.07674413803033531,2.2700443679932505,19,6.300269834125233e-09,,5.319003779036467e-09
125000,warmup,"unstructured disk, radius=5, mesh-size=0.0382",124831,5,6,1121010,0.20000145714480322,1,bsr,diff_rea_gpu4_hdg_pcgf_cheb_l1_aggressive.json,PCGF,AMG / CLASSICAL / PMIS / D2 / CHEBYSHEV / V-cycle / pre/post=0/3,268568352,4477460,0.49668259895406663,0.18564784240722657,0.11256475211121142,0.2184371119365096,0.07302916003391147,0.9758116989396513,20,2.164050461175417e-09,,5.319003779036467e-09
125000,measured,"unstructured disk, radius=5, mesh-size=0.0382",124831,5,6,1121010,0.20000145714480322,2,bsr,diff_rea_gpu4_hdg_pcgf_cheb_l1_aggressive.json,PCGF,AMG / CLASSICAL / PMIS / D2 / CHEBYSHEV / V-cycle / pre/post=0/3,268568352,4477460,0.48997411387972534,0.18567782592773438,0.11263963510282338,0.18962766299955547,0.07278962898999453,0.9266928709112108,20,2.164050446055484e-09,,5.3190180921011484e-09
125000,measured,"unstructured disk, radius=5, mesh-size=0.0382",124831,5,6,1121010,0.20000145714480322,2,csr,diff_rea_gpu4_hdg_pcgf_cheb_l1_aggressive.json,PCGF,AMG / CLASSICAL / PMIS / D2 / CHEBYSHEV / V-cycle / pre/post=0/3,268568352,138768220,0.5026651350781322,0.18577381896972656,0.4285152789670974,0.23482500715181231,0.07330947695299983,1.3063316280022264,19,6.300269829028408e-09,,5.3190180921011484e-09
125000,measured,"unstructured disk, radius=5, mesh-size=0.0382",124831,5,6,1121010,0.20000145714480322,3,csr,diff_rea_gpu4_hdg_pcgf_cheb_l1_aggressive.json,PCGF,AMG / CLASSICAL / PMIS / D2 / CHEBYSHEV / V-cycle / pre/post=0/3,268568352,138768220,0.4976822470780462,0.18577098083496094,0.4294940901454538,0.23406516085378826,0.0719440730754286,1.3044473128393292,19,6.300269813876604e-09,,5.318986943377956e-09
125000,measured,"unstructured disk, radius=5, mesh-size=0.0382",124831,5,6,1121010,0.20000145714480322,3,bsr,diff_rea_gpu4_hdg_pcgf_cheb_l1_aggressive.json,PCGF,AMG / CLASSICAL / PMIS / D2 / CHEBYSHEV / V-cycle / pre/post=0/3,268568352,4477460,0.5002765550743788,0.18572496032714844,0.11237709317356348,0.18965517496690154,0.07289939001202583,0.9387997100129724,20,2.164050457983315e-09,,5.318986943377956e-09
125000,warmup,"unstructured disk, radius=5, mesh-size=0.0382",124831,6,7,1307845,0.20000145714480322,1,csr,diff_rea_gpu4_hdg_pcgf_cheb_l1_aggressive.json,PCGF,AMG / CLASSICAL / PMIS / D2 / CHEBYSHEV / V-cycle / pre/post=0/3,365551368,188007068,1.4330939480569214,0.4308068542480469,0.45455571520142257,0.3303573979064822,0.18786106095649302,2.8711928171105683,21,8.688463825935322e-09,,7.282246887719633e-09
125000,warmup,"unstructured disk, radius=5, mesh-size=0.0382",124831,6,7,1307845,0.20000145714480322,1,bsr,diff_rea_gpu4_hdg_pcgf_cheb_l1_aggressive.json,PCGF,AMG / CLASSICAL / PMIS / D2 / CHEBYSHEV / V-cycle / pre/post=0/3,365551368,4477460,0.7801018599420786,0.376057861328125,0.1472489710431546,0.2547806929796934,0.1837349550332874,1.4425444779917598,22,3.528830809599603e-09,,7.282246887719633e-09
125000,measured,"unstructured disk, radius=5, mesh-size=0.0382",124831,6,7,1307845,0.20000145714480322,2,bsr,diff_rea_gpu4_hdg_pcgf_cheb_l1_aggressive.json,PCGF,AMG / CLASSICAL / PMIS / D2 / CHEBYSHEV / V-cycle / pre/post=0/3,365551368,4477460,0.7665348430164158,0.3759984130859375,0.14731144602410495,0.2289255999494344,0.18386401305906475,1.406446330016479,22,3.5288308129801227e-09,,7.2822135488851124e-09
125000,measured,"unstructured disk, radius=5, mesh-size=0.0382",124831,6,7,1307845,0.20000145714480322,2,csr,diff_rea_gpu4_hdg_pcgf_cheb_l1_aggressive.json,PCGF,AMG / CLASSICAL / PMIS / D2 / CHEBYSHEV / V-cycle / pre/post=0/3,365551368,188007068,0.7802622250746936,0.37640191650390625,0.4101885079871863,0.3170472248457372,0.18456513993442059,1.7576141119934618,21,8.688463824342162e-09,,7.2822135488851124e-09
125000,measured,"unstructured disk, radius=5, mesh-size=0.0382",124831,6,7,1307845,0.20000145714480322,3,csr,diff_rea_gpu4_hdg_pcgf_cheb_l1_aggressive.json,PCGF,AMG / CLASSICAL / PMIS / D2 / CHEBYSHEV / V-cycle / pre/post=0/3,365551368,188007068,0.7798834920395166,0.37882241821289064,0.41332742292433977,0.31761783198453486,0.1842007169034332,1.7595732971094549,21,8.688463834924808e-09,,7.282246702673752e-09
125000,measured,"unstructured disk, radius=5, mesh-size=0.0382",124831,6,7,1307845,0.20000145714480322,3,bsr,diff_rea_gpu4_hdg_pcgf_cheb_l1_aggressive.json,PCGF,AMG / CLASSICAL / PMIS / D2 / CHEBYSHEV / V-cycle / pre/post=0/3,365551368,4477460,0.777261707931757,0.37877401733398436,0.14743798808194697,0.22908288286998868,0.18533783685415983,1.419532367028296,22,3.5288308084040416e-09,,7.282246702673752e-09
150000,warmup,"unstructured disk, radius=5, mesh-size=0.0348",150209,1,2,449724,0.2000012103930882,1,csr,diff_rea_gpu4_hdg_pcgf_cheb_l1_aggressive.json,PCGF,AMG / CLASSICAL / PMIS / D2 / CHEBYSHEV / V-cycle / pre/post=0/3,35920128,19758964,0.42830909905023873,0.011100319862365723,0.5547493239864707,0.10324263502843678,0.010064020054414868,1.5827237430494279,20,8.622102628372431e-09,,1.0354582534909328e-08
150000,warmup,"unstructured disk, radius=5, mesh-size=0.0348",150209,1,2,449724,0.2000012103930882,1,bsr,diff_rea_gpu4_hdg_pcgf_cheb_l1_aggressive.json,PCGF,AMG / CLASSICAL / PMIS / D2 / CHEBYSHEV / V-cycle / pre/post=0/3,35920128,5389468,0.06698300992138684,0.008550399780273438,0.034289875999093056,0.08211836195550859,0.004951070994138718,0.2609693219419569,21,6.469347458094685e-09,,1.0354582534909328e-08
150000,measured,"unstructured disk, radius=5, mesh-size=0.0348",150209,1,2,449724,0.2000012103930882,2,bsr,diff_rea_gpu4_hdg_pcgf_cheb_l1_aggressive.json,PCGF,AMG / CLASSICAL / PMIS / D2 / CHEBYSHEV / V-cycle / pre/post=0/3,35920128,5389468,0.06695179897360504,0.00853171157836914,0.03411968401633203,0.054170223185792565,0.004839671077206731,0.22032022615894675,21,6.469347458493429e-09,,1.0354583686579734e-08
150000,measured,"unstructured disk, radius=5, mesh-size=0.0348",150209,1,2,449724,0.2000012103930882,2,csr,diff_rea_gpu4_hdg_pcgf_cheb_l1_aggressive.json,PCGF,AMG / CLASSICAL / PMIS / D2 / CHEBYSHEV / V-cycle / pre/post=0/3,35920128,19758964,0.06379171600565314,0.00854415988922119,0.4555117238778621,0.08926640707068145,0.004832167876884341,0.6737438740674406,20,8.622102639645176e-09,,1.0354583686579734e-08
150000,measured,"unstructured disk, radius=5, mesh-size=0.0348",150209,1,2,449724,0.2000012103930882,3,csr,diff_rea_gpu4_hdg_pcgf_cheb_l1_aggressive.json,PCGF,AMG / CLASSICAL / PMIS / D2 / CHEBYSHEV / V-cycle / pre/post=0/3,35920128,19758964,0.05818801699206233,0.008538111686706543,0.45555750490166247,0.08932010387070477,0.004993431968614459,0.6676213149912655,20,8.622102641782085e-09,,1.0354584726594068e-08
150000,measured,"unstructured disk, radius=5, mesh-size=0.0348",150209,1,2,449724,0.2000012103930882,3,bsr,diff_rea_gpu4_hdg_pcgf_cheb_l1_aggressive.json,PCGF,AMG / CLASSICAL / PMIS / D2 / CHEBYSHEV / V-cycle / pre/post=0/3,35920128,5389468,0.06716796196997166,0.008532095909118652,0.03405847493559122,0.05420736409723759,0.004784039920195937,0.2226668749935925,21,6.4693474329642035e-09,,1.0354584726594068e-08
150000,warmup,"unstructured disk, radius=5, mesh-size=0.0348",150209,2,3,674586,0.2000012103930882,1,csr,diff_rea_gpu4_hdg_pcgf_cheb_l1_aggressive.json,PCGF,AMG / CLASSICAL / PMIS / D2 / CHEBYSHEV / V-cycle / pre/post=0/3,80820288,43108492,0.469886789098382,0.025208671569824218,1.1208213290665299,0.15490620606578887,0.0169609310105443,2.326769388979301,20,3.605824618643082e-09,,6.2011525982838586e-09
150000,warmup,"unstructured disk, radius=5, mesh-size=0.0348",150209,2,3,674586,0.2000012103930882,1,bsr,diff_rea_gpu4_hdg_pcgf_cheb_l1_aggressive.json,PCGF,AMG / CLASSICAL / PMIS / D2 / CHEBYSHEV / V-cycle / pre/post=0/3,80820288,5389468,0.11977879796177149,0.01939686393737793,0.05790587421506643,0.11385385505855083,0.01065816986374557,0.3771733019966632,20,5.432455955023079e-09,,6.2011525982838586e-09
150000,measured,"unstructured disk, radius=5, mesh-size=0.0348",150209,2,3,674586,0.2000012103930882,2,bsr,diff_rea_gpu4_hdg_pcgf_cheb_l1_aggressive.json,PCGF,AMG / CLASSICAL / PMIS / D2 / CHEBYSHEV / V-cycle / pre/post=0/3,80820288,5389468,0.11801967490464449,0.01940233612060547,0.057811679784208536,0.0814661008771509,0.010501474142074585,0.3288811140228063,20,5.432455955995582e-09,,6.201146609447752e-09
150000,measured,"unstructured disk, radius=5, mesh-size=0.0348",150209,2,3,674586,0.2000012103930882,2,csr,diff_rea_gpu4_hdg_pcgf_cheb_l1_aggressive.json,PCGF,AMG / CLASSICAL / PMIS / D2 / CHEBYSHEV / V-cycle / pre/post=0/3,80820288,43108492,0.11414890899322927,0.019395135879516603,1.043699492001906,0.14140786998905241,0.01046612299978733,1.379497961839661,20,3.6058246432096964e-09,,6.201146609447752e-09
150000,measured,"unstructured disk, radius=5, mesh-size=0.0348",150209,2,3,674586,0.2000012103930882,3,csr,diff_rea_gpu4_hdg_pcgf_cheb_l1_aggressive.json,PCGF,AMG / CLASSICAL / PMIS / D2 / CHEBYSHEV / V-cycle / pre/post=0/3,80820288,43108492,0.12083476013503969,0.019392511367797852,1.044136337004602,0.1414097468368709,0.010726484935730696,1.3810019250959158,20,3.6058246435737667e-09,,6.201157258556891e-09
150000,measured,"unstructured disk, radius=5, mesh-size=0.0348",150209,2,3,674586,0.2000012103930882,3,bsr,diff_rea_gpu4_hdg_pcgf_cheb_l1_aggressive.json,PCGF,AMG / CLASSICAL / PMIS / D2 / CHEBYSHEV / V-cycle / pre/post=0/3,80820288,5389468,0.11104586906731129,0.019557855606079103,0.05782561399973929,0.0815800460986793,0.010555215179920197,0.3204429359175265,20,5.432455954536126e-09,,6.201157258556891e-09
150000,warmup,"unstructured disk, radius=5, mesh-size=0.0348",150209,3,4,899448,0.2000012103930882,1,csr,diff_rea_gpu4_hdg_pcgf_cheb_l1_aggressive.json,PCGF,AMG / CLASSICAL / PMIS / D2 / CHEBYSHEV / V-cycle / pre/post=0/3,143680512,75438052,0.6833946669939905,0.06687129974365234,0.23136924509890378,0.1747079431079328,0.028411878971382976,1.6018994508776814,21,9.534772208120668e-09,,1.0286530162554095e-08
150000,warmup,"unstructured disk, radius=5, mesh-size=0.0348",150209,3,4,899448,0.2000012103930882,1,bsr,diff_rea_gpu4_hdg_pcgf_cheb_l1_aggressive.json,PCGF,AMG / CLASSICAL / PMIS / D2 / CHEBYSHEV / V-cycle / pre/post=0/3,143680512,5389468,0.24320551310665905,0.051501056671142575,0.06265258602797985,0.13723387196660042,0.022323338082060218,0.5571238279808313,22,4.13742382561298e-09,,1.0286530162554095e-08
150000,measured,"unstructured disk, radius=5, mesh-size=0.0348",150209,3,4,899448,0.2000012103930882,2,bsr,diff_rea_gpu4_hdg_pcgf_cheb_l1_aggressive.json,PCGF,AMG / CLASSICAL / PMIS / D2 / CHEBYSHEV / V-cycle / pre/post=0/3,143680512,5389468,0.232242131838575,0.05150112152099609,0.06228281697258353,0.123288509901613,0.02231806004419923,0.5147623629309237,22,4.137423841323558e-09,,1.0286534770658157e-08
150000,measured,"unstructured disk, radius=5, mesh-size=0.0348",150209,3,4,899448,0.2000012103930882,2,csr,diff_rea_gpu4_hdg_pcgf_cheb_l1_aggressive.json,PCGF,AMG / CLASSICAL / PMIS / D2 / CHEBYSHEV / V-cycle / pre/post=0/3,143680512,75438052,0.23633645800873637,0.051523136138916015,0.14984136004932225,0.16084001306444407,0.022157285129651427,0.6473870449699461,21,9.534772201551436e-09,,1.0286534770658157e-08
150000,measured,"unstructured disk, radius=5, mesh-size=0.0348",150209,3,4,899448,0.2000012103930882,3,csr,diff_rea_gpu4_hdg_pcgf_cheb_l1_aggressive.json,PCGF,AMG / CLASSICAL / PMIS / D2 / CHEBYSHEV / V-cycle / pre/post=0/3,143680512,75438052,0.23286251397803426,0.05152108764648437,0.14967481698840857,0.16081921197474003,0.02219642815180123,0.6396420730743557,21,9.534772220395752e-09,,1.0286534396130797e-08
150000,measured,"unstructured disk, radius=5, mesh-size=0.0348",150209,3,4,899448,0.2000012103930882,3,bsr,diff_rea_gpu4_hdg_pcgf_cheb_l1_aggressive.json,PCGF,AMG / CLASSICAL / PMIS / D2 / CHEBYSHEV / V-cycle / pre/post=0/3,143680512,5389468,0.23105686716735363,0.051816417694091794,0.062392826890572906,0.11992746009491384,0.022293335059657693,0.5096777610015124,22,4.137423826550888e-09,,1.0286534396130797e-08
150000,warmup,"unstructured disk, radius=5, mesh-size=0.0348",150209,4,5,1124310,0.2000012103930882,1,csr,diff_rea_gpu4_hdg_pcgf_cheb_l1_aggressive.json,PCGF,AMG / CLASSICAL / PMIS / D2 / CHEBYSHEV / V-cycle / pre/post=0/3,224500800,116747644,0.8550582379102707,0.166392578125,0.20826386101543903,0.23124837782233953,0.05025073094293475,1.8279196589719504,21,6.603378915429555e-09,,9.306898795804844e-09
150000,warmup,"unstructured disk, radius=5, mesh-size=0.0348",150209,4,5,1124310,0.2000012103930882,1,bsr,diff_rea_gpu4_hdg_pcgf_cheb_l1_aggressive.json,PCGF,AMG / CLASSICAL / PMIS / D2 / CHEBYSHEV / V-cycle / pre/post=0/3,224500800,5389468,0.38520501204766333,0.13270220947265626,0.09385941503569484,0.24607074493542314,0.04504189803265035,0.845625557936728,22,3.339551883585767e-09,,9.306898795804844e-09
150000,measured,"unstructured disk, radius=5, mesh-size=0.0348",150209,4,5,1124310,0.2000012103930882,2,bsr,diff_rea_gpu4_hdg_pcgf_cheb_l1_aggressive.json,PCGF,AMG / CLASSICAL / PMIS / D2 / CHEBYSHEV / V-cycle / pre/post=0/3,224500800,5389468,0.38090178300626576,0.13270565795898437,0.09373972401954234,0.2181350039318204,0.04539407114498317,0.8013992831110954,22,3.3395518966907485e-09,,9.306894623641407e-09
150000,measured,"unstructured disk, radius=5, mesh-size=0.0348",150209,4,5,1124310,0.2000012103930882,2,csr,diff_rea_gpu4_hdg_pcgf_cheb_l1_aggressive.json,PCGF,AMG / CLASSICAL / PMIS / D2 / CHEBYSHEV / V-cycle / pre/post=0/3,224500800,116747644,0.3889815961010754,0.13347132873535156,0.16834564483724535,0.21828054008074105,0.0443688309751451,0.8825926310382783,21,6.603378917611257e-09,,9.306894623641407e-09
150000,measured,"unstructured disk, radius=5, mesh-size=0.0348",150209,4,5,1124310,0.2000012103930882,3,csr,diff_rea_gpu4_hdg_pcgf_cheb_l1_aggressive.json,PCGF,AMG / CLASSICAL / PMIS / D2 / CHEBYSHEV / V-cycle / pre/post=0/3,224500800,116747644,0.38575614895671606,0.13341244506835936,0.16900430200621486,0.2182927899993956,0.04450689791701734,0.889532039873302,21,6.603378913799531e-09,,9.306904137206643e-09
150000,measured,"unstructured disk, radius=5, mesh-size=0.0348",150209,4,5,1124310,0.2000012103930882,3,bsr,diff_rea_gpu4_hdg_pcgf_cheb_l1_aggressive.json,PCGF,AMG / CLASSICAL / PMIS / D2 / CHEBYSHEV / V-cycle / pre/post=0/3,224500800,5389468,0.3836292971391231,0.13345401000976562,0.09394748695194721,0.2177574399393052,0.04529298795387149,0.803887196816504,22,3.3395518976914314e-09,,9.306904137206643e-09
150000,warmup,"unstructured disk, radius=5, mesh-size=0.0348",150209,5,6,1349172,0.2000012103930882,1,csr,diff_rea_gpu4_hdg_pcgf_cheb_l1_aggressive.json,PCGF,AMG / CLASSICAL / PMIS / D2 / CHEBYSHEV / V-cycle / pre/post=0/3,323281152,167037268,1.110605153022334,0.24773837280273436,0.7368051989469677,0.2930726809427142,0.0928380920086056,2.701716460986063,19,5.784091732481501e-09,,3.856192835712439e-09
150000,warmup,"unstructured disk, radius=5, mesh-size=0.0348",150209,5,6,1349172,0.2000012103930882,1,bsr,diff_rea_gpu4_hdg_pcgf_cheb_l1_aggressive.json,PCGF,AMG / CLASSICAL / PMIS / D2 / CHEBYSHEV / V-cycle / pre/post=0/3,323281152,5389468,0.6004009707830846,0.22506040954589843,0.13597122114151716,0.2534051979891956,0.08829641388729215,1.1542912861332297,20,1.972248246402473e-09,,3.856192835712439e-09
150000,measured,"unstructured disk, radius=5, mesh-size=0.0348",150209,5,6,1349172,0.2000012103930882,2,bsr,diff_rea_gpu4_hdg_pcgf_cheb_l1_aggressive.json,PCGF,AMG / CLASSICAL / PMIS / D2 / CHEBYSHEV / V-cycle / pre/post=0/3,323281152,5389468,0.5845459990669042,0.22510028076171876,0.13564097112976015,0.2272494111675769,0.0879332940094173,1.0966287120245397,20,1.9722482414292917e-09,,3.8561950461398625e-09
150000,measured,"unstructured disk, radius=5, mesh-size=0.0348",150209,5,6,1349172,0.2000012103930882,2,csr,diff_rea_gpu4_hdg_pcgf_cheb_l1_aggressive.json,PCGF,AMG / CLASSICAL / PMIS / D2 / CHEBYSHEV / V-cycle / pre/post=0/3,323281152,167037268,0.5967757659964263,0.22513241577148438,0.7008831740822643,0.28150513116270304,0.08712733793072402,1.730008414015174,19,5.784091735698165e-09,,3.8561950461398625e-09
150000,measured,"unstructured disk, radius=5, mesh-size=0.0348",150209,5,6,1349172,0.2000012103930882,3,csr,diff_rea_gpu4_hdg_pcgf_cheb_l1_aggressive.json,PCGF,AMG / CLASSICAL / PMIS / D2 / CHEBYSHEV / V-cycle / pre/post=0/3,323281152,167037268,0.5960257889237255,0.22508364868164063,0.7006886070594192,0.2813982458319515,0.08699946897104383,1.732181723928079,19,5.784091725588322e-09,,3.856201891975878e-09
150000,measured,"unstructured disk, radius=5, mesh-size=0.0348",150209,5,6,1349172,0.2000012103930882,3,bsr,diff_rea_gpu4_hdg_pcgf_cheb_l1_aggressive.json,PCGF,AMG / CLASSICAL / PMIS / D2 / CHEBYSHEV / V-cycle / pre/post=0/3,323281152,5389468,0.5851438299287111,0.2250906524658203,0.13578984909690917,0.227553698932752,0.08831966598518193,1.098359344061464,20,1.9722482368937405e-09,,3.856201891975878e-09
150000,warmup,"unstructured disk, radius=5, mesh-size=0.0348",150209,6,7,1574034,0.2000012103930882,1,csr,diff_rea_gpu4_hdg_pcgf_cheb_l1_aggressive.json,PCGF,AMG / CLASSICAL / PMIS / D2 / CHEBYSHEV / V-cycle / pre/post=0/3,440021568,226306924,1.6324199039954692,0.49319976806640625,0.7046759719960392,0.39265044685453176,0.22773903980851173,3.457038298016414,21,9.843319756527043e-09,,1.080867043287179e-08
150000,warmup,"unstructured disk, radius=5, mesh-size=0.0348",150209,6,7,1574034,0.2000012103930882,1,bsr,diff_rea_gpu4_hdg_pcgf_cheb_l1_aggressive.json,PCGF,AMG / CLASSICAL / PMIS / D2 / CHEBYSHEV / V-cycle / pre/post=0/3,440021568,5389468,1.0115775079466403,0.4557501220703125,0.17774881981313229,0.3099047099240124,0.22364553390070796,1.8072528969496489,22,4.277927217037996e-09,,1.080867043287179e-08
150000,measured,"unstructured disk, radius=5, mesh-size=0.0348",150209,6,7,1574034,0.2000012103930882,2,bsr,diff_rea_gpu4_hdg_pcgf_cheb_l1_aggressive.json,PCGF,AMG / CLASSICAL / PMIS / D2 / CHEBYSHEV / V-cycle / pre/post=0/3,440021568,5389468,1.0020279418677092,0.4558014221191406,0.17702865414321423,0.27391003514640033,0.22258755005896091,1.7386166960932314,22,4.277927209442642e-09,,1.0808677399688152e-08
150000,measured,"unstructured disk, radius=5, mesh-size=0.0348",150209,6,7,1574034,0.2000012103930882,2,csr,diff_rea_gpu4_hdg_pcgf_cheb_l1_aggressive.json,PCGF,AMG / CLASSICAL / PMIS / D2 / CHEBYSHEV / V-cycle / pre/post=0/3,440021568,226306924,1.0217653471045196,0.4560117797851562,0.662020550109446,0.3805793330539018,0.22155033703893423,2.353885447140783,21,9.843319759932693e-09,,1.0808677399688152e-08
150000,measured,"unstructured disk, radius=5, mesh-size=0.0348",150209,6,7,1574034,0.2000012103930882,3,csr,diff_rea_gpu4_hdg_pcgf_cheb_l1_aggressive.json,PCGF,AMG / CLASSICAL / PMIS / D2 / CHEBYSHEV / V-cycle / pre/post=0/3,440021568,226306924,1.0246145529672503,0.4559944763183594,0.6619001249782741,0.38058259384706616,0.22174717881716788,2.3542066290974617,21,9.843319759346007e-09,,1.0808667740823265e-08
150000,measured,"unstructured disk, radius=5, mesh-size=0.0348",150209,6,7,1574034,0.2000012103930882,3,bsr,diff_rea_gpu4_hdg_pcgf_cheb_l1_aggressive.json,PCGF,AMG / CLASSICAL / PMIS / D2 / CHEBYSHEV / V-cycle / pre/post=0/3,440021568,5389468,1.007018187083304,0.45587152099609374,0.17752156406641006,0.2739621140062809,0.2233196769375354,1.7506114130374044,22,4.277927231342687e-09,,1.0808667740823265e-08
