order,threshold,steps,constraint_mode,status,iterations,relative_residual,setup_seconds,solve_seconds,assembly_seconds,error
2,0.25,1,additive,ok,20,4.520076624712325e-09,1.2162210498936474,0.2169241460505873,0.49027075292542577,
2,0.25,2,additive,ok,20,3.5116900726653323e-09,1.2196470932103693,0.17728118691593409,0.11123446910642087,
2,0.25,3,additive,ok,20,3.4453619274302454e-09,1.2509130530525,0.17751127807423472,0.10889994213357568,
2,0.25,4,additive,ok,19,5.792201645567437e-09,1.3070168879348785,0.170300381956622,0.11113083199597895,
2,0.25,1,right_normalize,ok,49,7.888640674494725e-09,0.20580091001465917,0.34381396300159395,0.11000090814195573,
2,0.25,2,right_normalize,failed,,,,,,AMGXError: Incorrect parameters for amgx call.
2,0.25,3,right_normalize,failed,,,,,,AMGXError: Internal error.
2,0.25,4,right_normalize,failed,,,,,,AMGXError: Internal error.
2,0.47,1,additive,ok,24,4.786787522013968e-09,0.2960655700881034,0.1807459769770503,0.11232168693095446,
2,0.47,2,additive,ok,24,5.460117183895182e-09,0.30777311511337757,0.18111882405355573,0.10918372008018196,
2,0.47,3,additive,ok,24,3.6895399675513875e-09,0.3269377851393074,0.1822009428869933,0.11050036991946399,
2,0.47,4,additive,ok,25,4.323859679934437e-09,0.3416616879403591,0.19045868190005422,0.10890515707433224,
2,0.47,1,right_normalize,ok,48,6.4279886552258395e-09,0.3216745010577142,0.3631647080183029,0.11061839899048209,
2,0.47,2,right_normalize,failed,,,,,,AMGXError: Incorrect parameters for amgx call.
2,0.47,3,right_normalize,failed,,,,,,AMGXError: Internal error.
2,0.47,4,right_normalize,failed,,,,,,AMGXError: Internal error.
6,0.25,1,additive,ok,53,3.6113717363531054e-09,0.7101839061360806,1.2375788339413702,1.3361845079343766,
6,0.25,2,additive,ok,54,5.147729042613253e-09,0.825003616977483,1.2537571461871266,1.0073752680327743,
6,0.25,3,additive,ok,53,5.038371951052809e-09,0.9366192340385169,1.2324381659273058,1.0081022270023823,
6,0.25,4,additive,ok,52,4.958528113520072e-09,1.046059024054557,1.2095363279804587,1.0093332529067993,
6,0.25,1,right_normalize,ok,146,4.102102907220774e-09,0.6215040090028197,3.282746849115938,1.00773477810435,
6,0.25,2,right_normalize,failed,,,,,,AMGXError: Incorrect parameters for amgx call.
6,0.25,3,right_normalize,failed,,,,,,AMGXError: Internal error.
6,0.25,4,right_normalize,failed,,,,,,AMGXError: Internal error.
6,0.47,1,additive,ok,41,5.480160401353735e-09,1.3063474651426077,1.0393375549465418,1.0206356651615351,
6,0.47,2,additive,ok,69,4.0235684808780574e-09,0.7128422618843615,1.635243837023154,1.0179108520969748,
6,0.47,3,additive,ok,66,4.895747237937585e-09,0.8206294700503349,1.5662871978711337,1.0137581219896674,
6,0.47,4,additive,ok,68,4.488558199601291e-09,0.9268346130847931,1.616036328021437,1.0140541561413556,
6,0.47,1,right_normalize,ok,122,4.669879109933541e-09,0.6480829119682312,2.792237237095833,1.0137252039276063,
6,0.47,2,right_normalize,failed,,,,,,AMGXError: Internal error.
6,0.47,3,right_normalize,failed,,,,,,AMGXError: Internal error.
6,0.47,4,right_normalize,failed,,,,,,AMGXError: Internal error.
