domain,triangles,order,face_block_size,trace_dofs,tau,repeat,matrix_format,config,solver,preconditioner,matrix_bytes,pattern_bytes,assembly_seconds,kernel_seconds,amgx_setup_seconds,amgx_solve_seconds,reconstruction_seconds,total_seconds,iterations,relative_residual,l2_error,coefficient_relative_difference
"unstructured disk, radius=5, mesh-size=0.0427",99896,1,2,298952,0.20000182199597705,1,csr,diff_rea_gpu4_hdg_pcgf_cheb_l1_aggressive.json,PCGF,AMG / CLASSICAL / PMIS / D2 / CHEBYSHEV / V-cycle / pre/post=0/3,23869056,13130340,0.47067341720685363,0.00739737606048584,0.2613592150155455,0.07714209402911365,0.010894186096265912,1.3918037968687713,21,5.3841470234881005e-09,,1.209818812029904e-05
"unstructured disk, radius=5, mesh-size=0.0427",99896,1,2,298952,0.20000182199597705,1,bsr,diff_rea_gpu4_hdg_fgmres_cheb_l1_block_graph_identity_bsr.json,FGMRES,AMG / CLASSICAL / PMIS / D2 / CHEBYSHEV / V-cycle / pre/post=0/3,23869056,3581540,0.05157020082697272,0.005597599983215332,0.6099771519657224,1.7542072720825672,0.00491644605062902,2.5019723100122064,375,9.746553729490297e-09,,1.209818812029904e-05
"unstructured disk, radius=5, mesh-size=0.0427",99896,1,2,298952,0.20000182199597705,2,csr,diff_rea_gpu4_hdg_pcgf_cheb_l1_aggressive.json,PCGF,AMG / CLASSICAL / PMIS / D2 / CHEBYSHEV / V-cycle / pre/post=0/3,23869056,13130340,0.04899300402030349,0.00563097620010376,0.1646993039175868,0.061944155022501945,0.0035462460946291685,0.34093737602233887,21,5.38414702801311e-09,,1.209818813871038e-05
"unstructured disk, radius=5, mesh-size=0.0427",99896,1,2,298952,0.20000182199597705,2,bsr,diff_rea_gpu4_hdg_fgmres_cheb_l1_block_graph_identity_bsr.json,FGMRES,AMG / CLASSICAL / PMIS / D2 / CHEBYSHEV / V-cycle / pre/post=0/3,23869056,3581540,0.04719687206670642,0.0055922560691833495,0.6107230200432241,1.70602859207429,0.003679821966215968,2.42770388815552,375,9.746553736796322e-09,,1.209818813871038e-05
"unstructured disk, radius=5, mesh-size=0.0427",99896,2,3,448428,0.20000182199597705,1,csr,diff_rea_gpu4_hdg_pcgf_cheb_l1_aggressive.json,PCGF,AMG / CLASSICAL / PMIS / D2 / CHEBYSHEV / V-cycle / pre/post=0/3,53705376,28646404,0.5021046500187367,0.01681203269958496,0.43303113989531994,0.10246748686768115,0.014469200046733022,1.5480546441394836,19,9.800876707571032e-09,,1.8074582445340568e-05
"unstructured disk, radius=5, mesh-size=0.0427",99896,2,3,448428,0.20000182199597705,1,bsr,diff_rea_gpu4_hdg_fgmres_cheb_l1_block_graph_identity_bsr.json,FGMRES,AMG / CLASSICAL / PMIS / D2 / CHEBYSHEV / V-cycle / pre/post=0/3,53705376,3581540,0.0850070328451693,0.012795583724975586,0.06403093389235437,2.276673151180148,0.007618472911417484,2.5103158419951797,488,9.910171957380436e-09,,1.8074582445340568e-05
"unstructured disk, radius=5, mesh-size=0.0427",99896,2,3,448428,0.20000182199597705,2,csr,diff_rea_gpu4_hdg_pcgf_cheb_l1_aggressive.json,PCGF,AMG / CLASSICAL / PMIS / D2 / CHEBYSHEV / V-cycle / pre/post=0/3,53705376,28646404,0.08454143302515149,0.012801024436950683,0.34922454110346735,0.08801450184546411,0.007233236916363239,0.5915502400603145,19,9.80087671283564e-09,,1.8074582462559853e-05
"unstructured disk, radius=5, mesh-size=0.0427",99896,2,3,448428,0.20000182199597705,2,bsr,diff_rea_gpu4_hdg_fgmres_cheb_l1_block_graph_identity_bsr.json,FGMRES,AMG / CLASSICAL / PMIS / D2 / CHEBYSHEV / V-cycle / pre/post=0/3,53705376,3581540,0.08290604595094919,0.012791520118713378,0.06332232197746634,2.2491195460315794,0.0084761967882514,2.4670950069557875,488,9.910171950002369e-09,,1.8074582462559853e-05
"unstructured disk, radius=5, mesh-size=0.0427",99896,3,4,597904,0.20000182199597705,1,csr,diff_rea_gpu4_hdg_pcgf_cheb_l1_aggressive.json,PCGF,AMG / CLASSICAL / PMIS / D2 / CHEBYSHEV / V-cycle / pre/post=0/3,95476224,50129732,0.544419519836083,0.04446822357177734,0.13646735111251473,0.1329768360592425,0.022391504142433405,1.3055098899640143,21,8.978255451590153e-09,,2.0976839308667902e-05
"unstructured disk, radius=5, mesh-size=0.0427",99896,3,4,597904,0.20000182199597705,1,bsr,diff_rea_gpu4_hdg_fgmres_cheb_l1_block_graph_identity_bsr.json,FGMRES,AMG / CLASSICAL / PMIS / D2 / CHEBYSHEV / V-cycle / pre/post=0/3,95476224,3581540,0.16585932695306838,0.0339213752746582,0.1316411979496479,4.125239224173129,0.015307620167732239,4.535262851975858,630,8.888277590664131e-09,,2.0976839308667902e-05
"unstructured disk, radius=5, mesh-size=0.0427",99896,3,4,597904,0.20000182199597705,2,csr,diff_rea_gpu4_hdg_pcgf_cheb_l1_aggressive.json,PCGF,AMG / CLASSICAL / PMIS / D2 / CHEBYSHEV / V-cycle / pre/post=0/3,95476224,50129732,0.15477939904667437,0.03417292785644531,0.07155884406529367,0.10978561011143029,0.015060177072882652,0.4142663939855993,21,8.978255440805905e-09,,2.09768393462216e-05
"unstructured disk, radius=5, mesh-size=0.0427",99896,3,4,597904,0.20000182199597705,2,bsr,diff_rea_gpu4_hdg_fgmres_cheb_l1_block_graph_identity_bsr.json,FGMRES,AMG / CLASSICAL / PMIS / D2 / CHEBYSHEV / V-cycle / pre/post=0/3,95476224,3581540,0.15850388095714152,0.034165184020996095,0.13196938205510378,4.109793184092268,0.015284709865227342,4.497853359906003,630,8.888277598498014e-09,,2.09768393462216e-05
"unstructured disk, radius=5, mesh-size=0.0427",99896,4,5,747380,0.20000182199597705,1,csr,diff_rea_gpu4_hdg_pcgf_cheb_l1_aggressive.json,PCGF,AMG / CLASSICAL / PMIS / D2 / CHEBYSHEV / V-cycle / pre/post=0/3,149181600,77580324,0.6904127290472388,0.11448035430908203,0.12721359403803945,0.16130306501872838,0.03722512791864574,1.5078684999607503,21,7.439451745717699e-09,,7.299249739020854e-06
"unstructured disk, radius=5, mesh-size=0.0427",99896,4,5,747380,0.20000182199597705,1,bsr,diff_rea_gpu4_hdg_fgmres_cheb_l1_block_graph_identity_bsr.json,FGMRES,AMG / CLASSICAL / PMIS / D2 / CHEBYSHEV / V-cycle / pre/post=0/3,149181600,3581540,0.2616354189813137,0.08803778839111329,0.21681126696057618,6.959712166106328,0.031291643157601357,7.586057316977531,690,3.1634236522867604e-09,,7.299249739020854e-06
"unstructured disk, radius=5, mesh-size=0.0427",99896,4,5,747380,0.20000182199597705,2,csr,diff_rea_gpu4_hdg_pcgf_cheb_l1_aggressive.json,PCGF,AMG / CLASSICAL / PMIS / D2 / CHEBYSHEV / V-cycle / pre/post=0/3,149181600,77580324,0.25747119006700814,0.08879132843017579,0.08310741791501641,0.14838620880618691,0.029806278180330992,0.5817272709682584,21,7.439451758443768e-09,,7.2992497069971204e-06
"unstructured disk, radius=5, mesh-size=0.0427",99896,4,5,747380,0.20000182199597705,2,bsr,diff_rea_gpu4_hdg_fgmres_cheb_l1_block_graph_identity_bsr.json,FGMRES,AMG / CLASSICAL / PMIS / D2 / CHEBYSHEV / V-cycle / pre/post=0/3,149181600,3581540,0.2552861801814288,0.08874604797363281,0.2177094630897045,6.955687929876149,0.03012585686519742,7.523850562050939,690,3.1634236525274315e-09,,7.2992497069971204e-06
"unstructured disk, radius=5, mesh-size=0.0427",99896,5,6,896856,0.20000182199597705,1,csr,diff_rea_gpu4_hdg_pcgf_cheb_l1_aggressive.json,PCGF,AMG / CLASSICAL / PMIS / D2 / CHEBYSHEV / V-cycle / pre/post=0/3,214821504,110998180,0.9194352698978037,0.1803120574951172,0.2984770389739424,0.20364528498612344,0.0644017131999135,1.973603316117078,19,7.0406160090169255e-09,,1.0372743053276774e-05
"unstructured disk, radius=5, mesh-size=0.0427",99896,5,6,896856,0.20000182199597705,1,bsr,diff_rea_gpu4_hdg_fgmres_cheb_l1_block_graph_identity_bsr.json,FGMRES,AMG / CLASSICAL / PMIS / D2 / CHEBYSHEV / V-cycle / pre/post=0/3,214821504,3581540,0.4333430139813572,0.14994633483886718,0.39012449281290174,8.330910650780424,0.05988959898240864,9.303928564069793,701,4.655411201022826e-09,,1.0372743053276774e-05
"unstructured disk, radius=5, mesh-size=0.0427",99896,5,6,896856,0.20000182199597705,2,csr,diff_rea_gpu4_hdg_pcgf_cheb_l1_aggressive.json,PCGF,AMG / CLASSICAL / PMIS / D2 / CHEBYSHEV / V-cycle / pre/post=0/3,214821504,110998180,0.41335351089946926,0.1511630096435547,0.2575101831462234,0.18920412892475724,0.058906287886202335,0.9831100788433105,19,7.040616014702389e-09,,1.0372743151087278e-05
"unstructured disk, radius=5, mesh-size=0.0427",99896,5,6,896856,0.20000182199597705,2,bsr,diff_rea_gpu4_hdg_fgmres_cheb_l1_block_graph_identity_bsr.json,FGMRES,AMG / CLASSICAL / PMIS / D2 / CHEBYSHEV / V-cycle / pre/post=0/3,214821504,3581540,0.4191251778975129,0.15009292602539062,0.39056537696160376,8.29314169101417,0.05911109410226345,9.225228106835857,701,4.65541120920117e-09,,1.0372743151087278e-05
"unstructured disk, radius=5, mesh-size=0.0427",99896,6,7,1046332,0.20000182199597705,1,csr,diff_rea_gpu4_hdg_pcgf_cheb_l1_aggressive.json,PCGF,AMG / CLASSICAL / PMIS / D2 / CHEBYSHEV / V-cycle / pre/post=0/3,292395936,150383300,1.2134800320491195,0.34549151611328127,0.2894318508915603,0.2688545670825988,0.15392959397286177,2.4047107049264014,21,9.045221276168442e-09,,1.3600429206305142e-05
"unstructured disk, radius=5, mesh-size=0.0427",99896,6,7,1046332,0.20000182199597705,1,bsr,diff_rea_gpu4_hdg_fgmres_cheb_l1_block_graph_identity_bsr.json,FGMRES,AMG / CLASSICAL / PMIS / D2 / CHEBYSHEV / V-cycle / pre/post=0/3,292395936,3581540,0.6321345809847116,0.3034666748046875,0.5651581271085888,10.934246318181977,0.14984265412203968,12.367265259148553,777,4.194105676870302e-09,,1.3600429206305142e-05
"unstructured disk, radius=5, mesh-size=0.0427",99896,6,7,1046332,0.20000182199597705,2,csr,diff_rea_gpu4_hdg_pcgf_cheb_l1_aggressive.json,PCGF,AMG / CLASSICAL / PMIS / D2 / CHEBYSHEV / V-cycle / pre/post=0/3,292395936,150383300,0.6380795459263027,0.305804931640625,0.2543048309162259,0.25699804280884564,0.14907666016370058,1.3669601599685848,21,9.045221270956036e-09,,1.3600429094606588e-05
"unstructured disk, radius=5, mesh-size=0.0427",99896,6,7,1046332,0.20000182199597705,2,bsr,diff_rea_gpu4_hdg_fgmres_cheb_l1_block_graph_identity_bsr.json,FGMRES,AMG / CLASSICAL / PMIS / D2 / CHEBYSHEV / V-cycle / pre/post=0/3,292395936,3581540,0.62673593708314,0.30575411987304685,0.5702615240588784,10.897582123987377,0.1492456889245659,12.30716535099782,777,4.194105643077326e-09,,1.3600429094606588e-05
"unstructured disk, radius=5, mesh-size=0.0382",124831,1,2,373670,0.20000145714480322,1,csr,diff_rea_gpu4_hdg_pcgf_cheb_l1_aggressive.json,PCGF,AMG / CLASSICAL / PMIS / D2 / CHEBYSHEV / V-cycle / pre/post=0/3,29840928,16415148,0.4921282110735774,0.009245023727416993,0.3602158061694354,0.09287661593407393,0.010957366088405252,1.448473070980981,21,5.044235085282526e-09,,1.0830150544166571e-05
"unstructured disk, radius=5, mesh-size=0.0382",124831,1,2,373670,0.20000145714480322,1,bsr,diff_rea_gpu4_hdg_fgmres_cheb_l1_block_graph_identity_bsr.json,FGMRES,AMG / CLASSICAL / PMIS / D2 / CHEBYSHEV / V-cycle / pre/post=0/3,29840928,4477460,0.05872290791012347,0.007198719978332519,0.04573292494751513,1.6070151031017303,0.0044956819619983435,1.7905618059448898,447,9.90148091629372e-09,,1.0830150544166571e-05
"unstructured disk, radius=5, mesh-size=0.0382",124831,1,2,373670,0.20000145714480322,2,csr,diff_rea_gpu4_hdg_pcgf_cheb_l1_aggressive.json,PCGF,AMG / CLASSICAL / PMIS / D2 / CHEBYSHEV / V-cycle / pre/post=0/3,29840928,16415148,0.051848899805918336,0.0071955199241638184,0.28091122512705624,0.07828636793419719,0.004168492974713445,0.4734489689581096,21,5.04423507550395e-09,,1.0830150557482095e-05
"unstructured disk, radius=5, mesh-size=0.0382",124831,1,2,373670,0.20000145714480322,2,bsr,diff_rea_gpu4_hdg_fgmres_cheb_l1_block_graph_identity_bsr.json,FGMRES,AMG / CLASSICAL / PMIS / D2 / CHEBYSHEV / V-cycle / pre/post=0/3,29840928,4477460,0.05366118415258825,0.007194623947143554,0.04478157195262611,1.5512990741990507,0.00417555496096611,1.7124182970728725,447,9.901480929099392e-09,,1.0830150557482095e-05
"unstructured disk, radius=5, mesh-size=0.0382",124831,2,3,560505,0.20000145714480322,1,csr,diff_rea_gpu4_hdg_pcgf_cheb_l1_aggressive.json,PCGF,AMG / CLASSICAL / PMIS / D2 / CHEBYSHEV / V-cycle / pre/post=0/3,67142088,35813068,0.4770074470434338,0.020951679229736328,0.7326752010267228,0.1258463968988508,0.01593585778027773,1.8852016078308225,19,9.461053997382964e-09,,1.6487067573958944e-05
"unstructured disk, radius=5, mesh-size=0.0382",124831,2,3,560505,0.20000145714480322,1,bsr,diff_rea_gpu4_hdg_fgmres_cheb_l1_block_graph_identity_bsr.json,FGMRES,AMG / CLASSICAL / PMIS / D2 / CHEBYSHEV / V-cycle / pre/post=0/3,67142088,4477460,0.09855360421352088,0.016254463195800782,0.09561020694673061,3.3994417029898614,0.00948861287906766,3.679953875951469,596,9.801257221926638e-09,,1.6487067573958944e-05
"unstructured disk, radius=5, mesh-size=0.0382",124831,2,3,560505,0.20000145714480322,2,csr,diff_rea_gpu4_hdg_pcgf_cheb_l1_aggressive.json,PCGF,AMG / CLASSICAL / PMIS / D2 / CHEBYSHEV / V-cycle / pre/post=0/3,67142088,35813068,0.09516224591061473,0.0162511043548584,0.6340275930706412,0.11205467185936868,0.009103653952479362,0.9101417399942875,19,9.461054001921604e-09,,1.648706759596845e-05
"unstructured disk, radius=5, mesh-size=0.0382",124831,2,3,560505,0.20000145714480322,2,bsr,diff_rea_gpu4_hdg_fgmres_cheb_l1_block_graph_identity_bsr.json,FGMRES,AMG / CLASSICAL / PMIS / D2 / CHEBYSHEV / V-cycle / pre/post=0/3,67142088,4477460,0.09957870282232761,0.0162508487701416,0.0959370038472116,3.367178063141182,0.00911865709349513,3.640213272999972,596,9.80125722874612e-09,,1.648706759596845e-05
"unstructured disk, radius=5, mesh-size=0.0382",124831,3,4,747340,0.20000145714480322,1,csr,diff_rea_gpu4_hdg_pcgf_cheb_l1_aggressive.json,PCGF,AMG / CLASSICAL / PMIS / D2 / CHEBYSHEV / V-cycle / pre/post=0/3,119363712,62671220,0.6122983729001135,0.055578624725341794,0.18051736918278039,0.16219207597896457,0.025528131052851677,1.49403142509982,21,8.771558314972016e-09,,2.459202162728668e-05
"unstructured disk, radius=5, mesh-size=0.0382",124831,3,4,747340,0.20000145714480322,1,bsr,diff_rea_gpu4_hdg_fgmres_cheb_l1_block_graph_identity_bsr.json,FGMRES,AMG / CLASSICAL / PMIS / D2 / CHEBYSHEV / V-cycle / pre/post=0/3,119363712,4477460,0.21049473714083433,0.04307353591918945,0.22133229486644268,5.0178533520083874,0.019974387949332595,5.565758090931922,619,9.092558755868406e-09,,2.459202162728668e-05
"unstructured disk, radius=5, mesh-size=0.0382",124831,3,4,747340,0.20000145714480322,2,csr,diff_rea_gpu4_hdg_pcgf_cheb_l1_aggressive.json,PCGF,AMG / CLASSICAL / PMIS / D2 / CHEBYSHEV / V-cycle / pre/post=0/3,119363712,62671220,0.20533313998021185,0.04309052658081055,0.10780389490537345,0.13574937195517123,0.018804915947839618,0.5469781379215419,21,8.771558311195867e-09,,2.4592021618862656e-05
"unstructured disk, radius=5, mesh-size=0.0382",124831,3,4,747340,0.20000145714480322,2,bsr,diff_rea_gpu4_hdg_fgmres_cheb_l1_block_graph_identity_bsr.json,FGMRES,AMG / CLASSICAL / PMIS / D2 / CHEBYSHEV / V-cycle / pre/post=0/3,119363712,4477460,0.19971251511014998,0.04307353591918945,0.22099627694115043,4.989982076920569,0.019186881836503744,5.50745428702794,619,9.092558775982937e-09,,2.4592021618862656e-05
"unstructured disk, radius=5, mesh-size=0.0382",124831,4,5,934175,0.20000145714480322,1,csr,diff_rea_gpu4_hdg_pcgf_cheb_l1_aggressive.json,PCGF,AMG / CLASSICAL / PMIS / D2 / CHEBYSHEV / V-cycle / pre/post=0/3,186505800,96989604,0.8093599621206522,0.14203736877441406,0.1636578249745071,0.19605347514152527,0.043495442951098084,1.7031745119020343,21,6.7443128272398636e-09,,9.65064128536946e-06
"unstructured disk, radius=5, mesh-size=0.0382",124831,4,5,934175,0.20000145714480322,1,bsr,diff_rea_gpu4_hdg_fgmres_cheb_l1_block_graph_identity_bsr.json,FGMRES,AMG / CLASSICAL / PMIS / D2 / CHEBYSHEV / V-cycle / pre/post=0/3,186505800,4477460,0.3195631878916174,0.11099311828613281,0.3874847190454602,10.404514105059206,0.0389408809132874,11.266609142068774,824,3.019791856288352e-09,,9.65064128536946e-06
"unstructured disk, radius=5, mesh-size=0.0382",124831,4,5,934175,0.20000145714480322,2,csr,diff_rea_gpu4_hdg_pcgf_cheb_l1_aggressive.json,PCGF,AMG / CLASSICAL / PMIS / D2 / CHEBYSHEV / V-cycle / pre/post=0/3,186505800,96989604,0.3252932010218501,0.11177164459228515,0.12192769395187497,0.1830719111021608,0.03738404088653624,0.7344676482025534,21,6.7443128205915e-09,,9.650640986276061e-06
"unstructured disk, radius=5, mesh-size=0.0382",124831,4,5,934175,0.20000145714480322,2,bsr,diff_rea_gpu4_hdg_fgmres_cheb_l1_block_graph_identity_bsr.json,FGMRES,AMG / CLASSICAL / PMIS / D2 / CHEBYSHEV / V-cycle / pre/post=0/3,186505800,4477460,0.31698383088223636,0.11180767822265625,0.3896021309774369,10.412483566906303,0.03833599993959069,11.222067725844681,824,3.0197917469571223e-09,,9.650640986276061e-06
"unstructured disk, radius=5, mesh-size=0.0382",124831,5,6,1121010,0.20000145714480322,1,csr,diff_rea_gpu4_hdg_pcgf_cheb_l1_aggressive.json,PCGF,AMG / CLASSICAL / PMIS / D2 / CHEBYSHEV / V-cycle / pre/post=0/3,268568352,138768220,1.020072054117918,0.22292684936523438,0.4724997279699892,0.24845623318105936,0.07960458099842072,2.301260095089674,19,6.3002698301368385e-09,,1.651742344728184e-05
"unstructured disk, radius=5, mesh-size=0.0382",124831,5,6,1121010,0.20000145714480322,1,bsr,diff_rea_gpu4_hdg_fgmres_cheb_l1_block_graph_identity_bsr.json,FGMRES,AMG / CLASSICAL / PMIS / D2 / CHEBYSHEV / V-cycle / pre/post=0/3,268568352,4477460,0.5147354179061949,0.18880435180664062,0.7399071329273283,13.666485713096336,0.07474250090308487,15.109908401966095,927,4.603316642470159e-09,,1.651742344728184e-05
"unstructured disk, radius=5, mesh-size=0.0382",124831,5,6,1121010,0.20000145714480322,2,csr,diff_rea_gpu4_hdg_pcgf_cheb_l1_aggressive.json,PCGF,AMG / CLASSICAL / PMIS / D2 / CHEBYSHEV / V-cycle / pre/post=0/3,268568352,138768220,0.508848818950355,0.19012364196777343,0.4374944178853184,0.2362114298157394,0.07385306479409337,1.3244363910052925,19,6.300269842500576e-09,,1.651742364239197e-05
"unstructured disk, radius=5, mesh-size=0.0382",124831,5,6,1121010,0.20000145714480322,2,bsr,diff_rea_gpu4_hdg_fgmres_cheb_l1_block_graph_identity_bsr.json,FGMRES,AMG / CLASSICAL / PMIS / D2 / CHEBYSHEV / V-cycle / pre/post=0/3,268568352,4477460,0.5035049028228968,0.18856959533691406,0.7428188060875982,13.656025046017021,0.07468068902380764,15.044931279029697,927,4.603316681595044e-09,,1.651742364239197e-05
"unstructured disk, radius=5, mesh-size=0.0382",124831,6,7,1307845,0.20000145714480322,1,csr,diff_rea_gpu4_hdg_pcgf_cheb_l1_aggressive.json,PCGF,AMG / CLASSICAL / PMIS / D2 / CHEBYSHEV / V-cycle / pre/post=0/3,365551368,188007068,1.4931710790842772,0.43364984130859374,0.458409836050123,0.3322060890495777,0.1925189180765301,2.9752835030667484,21,8.688463832273694e-09,,1.3040145628804985e-05
"unstructured disk, radius=5, mesh-size=0.0382",124831,6,7,1307845,0.20000145714480322,1,bsr,diff_rea_gpu4_hdg_fgmres_cheb_l1_block_graph_identity_bsr.json,FGMRES,AMG / CLASSICAL / PMIS / D2 / CHEBYSHEV / V-cycle / pre/post=0/3,365551368,4477460,0.817787071922794,0.3821666564941406,1.0824050309602171,16.776064875070006,0.18858798895962536,18.94729015813209,953,4.137461877711371e-09,,1.3040145628804985e-05
"unstructured disk, radius=5, mesh-size=0.0382",124831,6,7,1307845,0.20000145714480322,2,csr,diff_rea_gpu4_hdg_pcgf_cheb_l1_aggressive.json,PCGF,AMG / CLASSICAL / PMIS / D2 / CHEBYSHEV / V-cycle / pre/post=0/3,365551368,188007068,0.7917992789298296,0.38497500610351565,0.41982697206549346,0.32071418804116547,0.18763825995847583,1.7877011490054429,21,8.68846382749027e-09,,1.3040145165397846e-05
"unstructured disk, radius=5, mesh-size=0.0382",124831,6,7,1307845,0.20000145714480322,2,bsr,diff_rea_gpu4_hdg_fgmres_cheb_l1_block_graph_identity_bsr.json,FGMRES,AMG / CLASSICAL / PMIS / D2 / CHEBYSHEV / V-cycle / pre/post=0/3,365551368,4477460,0.7784133569803089,0.3850275573730469,1.0931971438694745,16.76115558692254,0.18797291000373662,18.892743175150827,953,4.1374617877529864e-09,,1.3040145165397846e-05
"unstructured disk, radius=5, mesh-size=0.0348",150209,1,2,449724,0.2000012103930882,1,csr,diff_rea_gpu4_hdg_pcgf_cheb_l1_aggressive.json,PCGF,AMG / CLASSICAL / PMIS / D2 / CHEBYSHEV / V-cycle / pre/post=0/3,35920128,19758964,0.4817676399834454,0.011073023796081542,0.5669208930339664,0.10423208912834525,0.011687332997098565,1.6522362681571394,20,8.622102630605278e-09,,1.5385032043053445e-05
"unstructured disk, radius=5, mesh-size=0.0348",150209,1,2,449724,0.2000012103930882,1,bsr,diff_rea_gpu4_hdg_fgmres_cheb_l1_block_graph_identity_bsr.json,FGMRES,AMG / CLASSICAL / PMIS / D2 / CHEBYSHEV / V-cycle / pre/post=0/3,35920128,5389468,0.06804394093342125,0.00866982364654541,0.058897601906210184,2.4647981838788837,0.0060906310100108385,2.673284163000062,560,9.858431632364007e-09,,1.5385032043053445e-05
"unstructured disk, radius=5, mesh-size=0.0348",150209,1,2,449724,0.2000012103930882,2,csr,diff_rea_gpu4_hdg_pcgf_cheb_l1_aggressive.json,PCGF,AMG / CLASSICAL / PMIS / D2 / CHEBYSHEV / V-cycle / pre/post=0/3,35920128,19758964,0.06125765200704336,0.008662816047668456,0.4626508019864559,0.0900415270589292,0.005143828224390745,0.6796227721497416,20,8.622102640009997e-09,,1.538503204577433e-05
"unstructured disk, radius=5, mesh-size=0.0348",150209,1,2,449724,0.2000012103930882,2,bsr,diff_rea_gpu4_hdg_fgmres_cheb_l1_block_graph_identity_bsr.json,FGMRES,AMG / CLASSICAL / PMIS / D2 / CHEBYSHEV / V-cycle / pre/post=0/3,35920128,5389468,0.06297320406883955,0.008658944129943847,0.05795871606096625,2.4204837700817734,0.0051706398371607065,2.6071582480799407,560,9.858431625785261e-09,,1.538503204577433e-05
"unstructured disk, radius=5, mesh-size=0.0348",150209,2,3,674586,0.2000012103930882,1,csr,diff_rea_gpu4_hdg_pcgf_cheb_l1_aggressive.json,PCGF,AMG / CLASSICAL / PMIS / D2 / CHEBYSHEV / V-cycle / pre/post=0/3,80820288,43108492,0.5220996418502182,0.02528316879272461,1.1493621170520782,0.15599556895904243,0.017558143008500338,2.4118573679588735,20,3.605824639563247e-09,,1.8959311699665315e-05
"unstructured disk, radius=5, mesh-size=0.0348",150209,2,3,674586,0.2000012103930882,1,bsr,diff_rea_gpu4_hdg_fgmres_cheb_l1_block_graph_identity_bsr.json,FGMRES,AMG / CLASSICAL / PMIS / D2 / CHEBYSHEV / V-cycle / pre/post=0/3,80820288,5389468,0.11605076096020639,0.01968934440612793,0.14115695981308818,4.084442222956568,0.011534808902069926,4.428747995058075,594,9.780337779783199e-09,,1.8959311699665315e-05
"unstructured disk, radius=5, mesh-size=0.0348",150209,2,3,674586,0.2000012103930882,2,csr,diff_rea_gpu4_hdg_pcgf_cheb_l1_aggressive.json,PCGF,AMG / CLASSICAL / PMIS / D2 / CHEBYSHEV / V-cycle / pre/post=0/3,80820288,43108492,0.1216766161378473,0.019689088821411134,1.0604223550762981,0.14227724401280284,0.010794784873723984,1.4018810840789229,20,3.605824630855748e-09,,1.895931153284124e-05
"unstructured disk, radius=5, mesh-size=0.0348",150209,2,3,674586,0.2000012103930882,2,bsr,diff_rea_gpu4_hdg_fgmres_cheb_l1_block_graph_identity_bsr.json,FGMRES,AMG / CLASSICAL / PMIS / D2 / CHEBYSHEV / V-cycle / pre/post=0/3,80820288,5389468,0.11393340583890676,0.019686304092407226,0.14042335096746683,4.053326579043642,0.011130674974992871,4.381377184065059,594,9.780337732474521e-09,,1.895931153284124e-05
"unstructured disk, radius=5, mesh-size=0.0348",150209,3,4,899448,0.2000012103930882,1,csr,diff_rea_gpu4_hdg_pcgf_cheb_l1_aggressive.json,PCGF,AMG / CLASSICAL / PMIS / D2 / CHEBYSHEV / V-cycle / pre/post=0/3,143680512,75438052,0.696741018909961,0.06689791870117187,0.23124849912710488,0.18216969701461494,0.029011490987613797,1.6540556410327554,21,9.534772196398511e-09,,2.5773877542790305e-05
"unstructured disk, radius=5, mesh-size=0.0348",150209,3,4,899448,0.2000012103930882,1,bsr,diff_rea_gpu4_hdg_fgmres_cheb_l1_block_graph_identity_bsr.json,FGMRES,AMG / CLASSICAL / PMIS / D2 / CHEBYSHEV / V-cycle / pre/post=0/3,143680512,5389468,0.24179886793717742,0.051830078125,0.361656554043293,7.283489041030407,0.022905427031219006,7.997644112911075,754,9.12716869239499e-09,,2.5773877542790305e-05
"unstructured disk, radius=5, mesh-size=0.0348",150209,3,4,899448,0.2000012103930882,2,csr,diff_rea_gpu4_hdg_pcgf_cheb_l1_aggressive.json,PCGF,AMG / CLASSICAL / PMIS / D2 / CHEBYSHEV / V-cycle / pre/post=0/3,143680512,75438052,0.24051892408169806,0.05221507263183594,0.15150993806309998,0.16148479306139052,0.02245535282418132,0.6539402960333973,21,9.5347722065411e-09,,2.5773877550164312e-05
"unstructured disk, radius=5, mesh-size=0.0348",150209,3,4,899448,0.2000012103930882,2,bsr,diff_rea_gpu4_hdg_fgmres_cheb_l1_block_graph_identity_bsr.json,FGMRES,AMG / CLASSICAL / PMIS / D2 / CHEBYSHEV / V-cycle / pre/post=0/3,143680512,5389468,0.23765802895650268,0.05219776153564453,0.3642464668955654,7.274966926081106,0.022931138053536415,7.974822527030483,754,9.12716869331547e-09,,2.5773877550164312e-05
"unstructured disk, radius=5, mesh-size=0.0348",150209,4,5,1124310,0.2000012103930882,1,csr,diff_rea_gpu4_hdg_pcgf_cheb_l1_aggressive.json,PCGF,AMG / CLASSICAL / PMIS / D2 / CHEBYSHEV / V-cycle / pre/post=0/3,224500800,116747644,0.8764475111383945,0.16217832946777344,0.2114034069236368,0.23205773206427693,0.05194197385571897,1.9075521600898355,21,6.603378922235503e-09,,7.927926973302077e-06
"unstructured disk, radius=5, mesh-size=0.0348",150209,4,5,1124310,0.2000012103930882,1,bsr,diff_rea_gpu4_hdg_fgmres_cheb_l1_block_graph_identity_bsr.json,FGMRES,AMG / CLASSICAL / PMIS / D2 / CHEBYSHEV / V-cycle / pre/post=0/3,224500800,5389468,0.40298970183357596,0.1335191650390625,0.6149960369803011,13.601662846980616,0.04616798204369843,14.757516467012465,900,2.8182237990634506e-09,,7.927926973302077e-06
"unstructured disk, radius=5, mesh-size=0.0348",150209,4,5,1124310,0.2000012103930882,2,csr,diff_rea_gpu4_hdg_pcgf_cheb_l1_aggressive.json,PCGF,AMG / CLASSICAL / PMIS / D2 / CHEBYSHEV / V-cycle / pre/post=0/3,224500800,116747644,0.4123595228884369,0.13559397888183594,0.17150525888428092,0.21991731179878116,0.04538259585388005,0.9303759678732604,21,6.60337889994457e-09,,7.927931149918703e-06
"unstructured disk, radius=5, mesh-size=0.0348",150209,4,5,1124310,0.2000012103930882,2,bsr,diff_rea_gpu4_hdg_fgmres_cheb_l1_block_graph_identity_bsr.json,FGMRES,AMG / CLASSICAL / PMIS / D2 / CHEBYSHEV / V-cycle / pre/post=0/3,224500800,5389468,0.3938295829575509,0.13455110168457032,0.6187561170663685,13.626574169145897,0.0456714250613004,14.747969032963738,900,2.8182245968325005e-09,,7.927931149918703e-06
"unstructured disk, radius=5, mesh-size=0.0348",150209,5,6,1349172,0.2000012103930882,1,csr,diff_rea_gpu4_hdg_pcgf_cheb_l1_aggressive.json,PCGF,AMG / CLASSICAL / PMIS / D2 / CHEBYSHEV / V-cycle / pre/post=0/3,323281152,167037268,1.1360116659197956,0.2602496032714844,0.7486394729930907,0.29493381595239043,0.09471417800523341,2.757071261992678,19,5.784091736019861e-09,,1.5352110600453287e-05
"unstructured disk, radius=5, mesh-size=0.0348",150209,5,6,1349172,0.2000012103930882,1,bsr,diff_rea_gpu4_hdg_fgmres_cheb_l1_block_graph_identity_bsr.json,FGMRES,AMG / CLASSICAL / PMIS / D2 / CHEBYSHEV / V-cycle / pre/post=0/3,323281152,5389468,0.5960879139602184,0.22691635131835938,1.1666980609297752,16.848032703856006,0.08967813290655613,18.784981928067282,956,4.494914039968126e-09,,1.5352110600453287e-05
"unstructured disk, radius=5, mesh-size=0.0348",150209,5,6,1349172,0.2000012103930882,2,csr,diff_rea_gpu4_hdg_pcgf_cheb_l1_aggressive.json,PCGF,AMG / CLASSICAL / PMIS / D2 / CHEBYSHEV / V-cycle / pre/post=0/3,323281152,167037268,0.6051362580619752,0.2287562255859375,0.712588082998991,0.28381381602957845,0.08871740801259875,1.7546512130647898,19,5.784091733400087e-09,,1.5352110240773217e-05
"unstructured disk, radius=5, mesh-size=0.0348",150209,5,6,1349172,0.2000012103930882,2,bsr,diff_rea_gpu4_hdg_fgmres_cheb_l1_block_graph_identity_bsr.json,FGMRES,AMG / CLASSICAL / PMIS / D2 / CHEBYSHEV / V-cycle / pre/post=0/3,323281152,5389468,0.594040340045467,0.22876902770996094,1.1743679100181907,16.83315298613161,0.08989348891191185,18.75766884209588,956,4.494913908294231e-09,,1.5352110240773217e-05
"unstructured disk, radius=5, mesh-size=0.0348",150209,6,7,1574034,0.2000012103930882,1,csr,diff_rea_gpu4_hdg_pcgf_cheb_l1_aggressive.json,PCGF,AMG / CLASSICAL / PMIS / D2 / CHEBYSHEV / V-cycle / pre/post=0/3,440021568,226306924,1.7079928498715162,0.4875341491699219,0.708112875930965,0.39445535303093493,0.22945259511470795,3.5721582379192114,21,9.843319772351497e-09,,1.5150305648081356e-05
"unstructured disk, radius=5, mesh-size=0.0348",150209,6,7,1574034,0.2000012103930882,1,bsr,diff_rea_gpu4_hdg_fgmres_cheb_l1_block_graph_identity_bsr.json,FGMRES,AMG / CLASSICAL / PMIS / D2 / CHEBYSHEV / V-cycle / pre/post=0/3,440021568,5389468,1.0200489819981158,0.45970840454101564,0.09223444294184446,17.588704369030893,0.22675046394579113,19.00617827801034,959,4.1405251396300086e-09,,1.5150305648081356e-05
"unstructured disk, radius=5, mesh-size=0.0348",150209,6,7,1574034,0.2000012103930882,2,csr,diff_rea_gpu4_hdg_pcgf_cheb_l1_aggressive.json,PCGF,AMG / CLASSICAL / PMIS / D2 / CHEBYSHEV / V-cycle / pre/post=0/3,440021568,226306924,1.0377885340712965,0.46352792358398437,0.6725060970056802,0.3835405888967216,0.22551513905636966,2.384963133139536,21,9.843319769810138e-09,,1.5150304779231564e-05
"unstructured disk, radius=5, mesh-size=0.0348",150209,6,7,1574034,0.2000012103930882,2,bsr,diff_rea_gpu4_hdg_fgmres_cheb_l1_block_graph_identity_bsr.json,FGMRES,AMG / CLASSICAL / PMIS / D2 / CHEBYSHEV / V-cycle / pre/post=0/3,440021568,5389468,1.0168100700248033,0.4630861206054688,0.09294271701946855,17.55123470001854,0.2266878702212125,18.952081099851057,959,4.140524932938877e-09,,1.5150304779231564e-05
