order,triangles,dofs,fastest_operator,operator_matmul_ms,operator_raw_ms,operator_raw_fused_ms,fastest_asm,asm_matmul_ms,asm_raw_ms,asm_fused_ms,polynomial_degree,polynomial_apply_ms,iterations,solve_ms,status,relative_residual,setup_ms,amgx_iterations,amgx_iterate_ms
1,32449,96928,raw_fused,0.229616,0.057968,0.052768,fused,0.272448,0.061552,0.043840,2,0.286720,400,423.884265,converged,4.121972953690e-09,58.907545,21,38.220000
1,32449,96928,raw_fused,0.229616,0.057968,0.052768,fused,0.272448,0.061552,0.043840,4,0.486112,300,381.080563,converged,1.368907129072e-11,7.393767,21,38.220000
1,32449,96928,raw_fused,0.229616,0.057968,0.052768,fused,0.272448,0.061552,0.043840,8,0.882368,86,142.262636,converged,3.577923551300e-09,10.242812,21,38.220000
1,32449,96928,raw_fused,0.229616,0.057968,0.052768,fused,0.272448,0.061552,0.043840,12,1.278352,59,119.040102,converged,7.018478684735e-09,13.376212,21,38.220000
1,32449,96928,raw_fused,0.229616,0.057968,0.052768,fused,0.272448,0.061552,0.043840,18,1.855296,41,107.335539,converged,6.647910577655e-09,19.163986,21,38.220000
2,32449,145392,raw,0.296960,0.140288,0.140624,fused,0.606336,0.084992,0.070992,2,0.474160,500,655.847381,max_iterations,1.227656857439e-08,8.948060,20,45.380000
2,32449,145392,raw,0.296960,0.140288,0.140624,fused,0.606336,0.084992,0.070992,4,0.914880,200,345.793262,converged,3.692666718352e-09,9.554916,20,45.380000
2,32449,145392,raw,0.296960,0.140288,0.140624,fused,0.606336,0.084992,0.070992,8,1.750656,92,234.418041,converged,3.168611858242e-09,12.692018,20,45.380000
2,32449,145392,raw,0.296960,0.140288,0.140624,fused,0.606336,0.084992,0.070992,12,2.588800,61,203.103743,converged,3.835252207582e-09,16.430479,20,45.380000
2,32449,145392,raw,0.296960,0.140288,0.140624,fused,0.606336,0.084992,0.070992,18,3.835472,44,201.050574,converged,5.412101318181e-09,23.051929,20,45.380000
3,32449,193856,raw_fused,0.445920,0.153648,0.130336,raw,0.711568,0.125504,0.141312,2,0.665168,500,768.133725,max_iterations,7.682029661611e-08,10.975044,21,56.660000
3,32449,193856,raw_fused,0.445920,0.153648,0.130336,raw,0.711568,0.125504,0.141312,4,1.183568,300,617.100164,converged,9.170408174298e-12,11.428118,21,56.660000
3,32449,193856,raw_fused,0.445920,0.153648,0.130336,raw,0.711568,0.125504,0.141312,8,2.240320,96,299.449495,converged,1.843534076454e-09,14.841886,21,56.660000
3,32449,193856,raw_fused,0.445920,0.153648,0.130336,raw,0.711568,0.125504,0.141312,12,3.296896,68,279.560565,converged,2.649084574341e-09,18.713741,21,56.660000
3,32449,193856,raw_fused,0.445920,0.153648,0.130336,raw,0.711568,0.125504,0.141312,18,4.887472,47,267.738061,converged,7.682393171314e-09,25.867757,21,56.660000
4,32449,242320,raw,0.602112,0.250128,0.266240,raw,0.938736,0.275904,0.364976,2,1.349184,500,1245.552547,max_iterations,1.142790332841e-07,13.419045,22,69.560000
4,32449,242320,raw,0.602112,0.250128,0.266240,raw,0.938736,0.275904,0.364976,4,2.529360,300,1091.886909,converged,1.825738605342e-10,14.060235,22,69.560000
4,32449,242320,raw,0.602112,0.250128,0.266240,raw,0.938736,0.275904,0.364976,8,4.768704,96,565.572004,converged,1.833343272085e-09,18.762821,22,69.560000
4,32449,242320,raw,0.602112,0.250128,0.266240,raw,0.938736,0.275904,0.364976,12,7.014432,73,592.261615,converged,2.081308517957e-09,24.085605,22,69.560000
4,32449,242320,raw,0.602112,0.250128,0.266240,raw,0.938736,0.275904,0.364976,18,10.345888,51,585.607616,converged,5.490187324640e-09,33.764781,22,69.560000
5,32449,290784,raw,0.606240,0.343584,0.422064,raw,1.166016,0.312608,0.471136,2,1.735232,500,1510.223584,max_iterations,1.341423552790e-07,13.959420,19,78.780000
5,32449,290784,raw,0.606240,0.343584,0.422064,raw,1.166016,0.312608,0.471136,4,3.163456,300,1338.836578,converged,1.966687325142e-10,16.195993,19,78.780000
5,32449,290784,raw,0.606240,0.343584,0.422064,raw,1.166016,0.312608,0.471136,8,5.993008,100,733.248030,converged,1.516283073715e-09,22.087275,19,78.780000
5,32449,290784,raw,0.606240,0.343584,0.422064,raw,1.166016,0.312608,0.471136,12,8.836288,75,761.492663,converged,2.149627916228e-09,27.610536,19,78.780000
5,32449,290784,raw,0.606240,0.343584,0.422064,raw,1.166016,0.312608,0.471136,18,13.133120,51,736.682613,converged,3.462987217358e-09,38.113871,19,78.780000
6,32449,339248,raw,0.804112,0.493920,0.651728,raw,1.404256,0.412896,0.635328,2,2.399120,500,2008.967827,max_iterations,1.351234297115e-07,17.100827,21,93.820000
6,32449,339248,raw,0.804112,0.493920,0.651728,raw,1.404256,0.412896,0.635328,4,4.595424,300,1829.390609,converged,2.041832419722e-10,18.589022,21,93.820000
6,32449,339248,raw,0.804112,0.493920,0.651728,raw,1.404256,0.412896,0.635328,8,8.676000,100,1025.842598,converged,2.643355436537e-09,25.352116,21,93.820000
6,32449,339248,raw,0.804112,0.493920,0.651728,raw,1.404256,0.412896,0.635328,12,12.732416,77,1099.784464,converged,1.561839406153e-09,32.263068,21,93.820000
6,32449,339248,raw,0.804112,0.493920,0.651728,raw,1.404256,0.412896,0.635328,18,18.962304,53,1087.297817,converged,5.704435334826e-09,44.482474,21,93.820000
