study,scheme,dt,status,error,num_steps,final_time,triangles,density_dofs,elapsed_seconds,accepted_cell_cfl_min,accepted_cell_cfl_max,enstrophy_loss_fraction,enstrophy,broken_palinstrophy,trace_mismatch_squared,hdg_palinstrophy,gradient_length,hdg_gradient_length,hdg_diagnostics_backend,rho_hdg_diagnostics_backend,phi_hdg_diagnostics_backend,mean_step_seconds,mean_transport_iterations,mean_poisson_iterations,transport_stages,retried_transport_stages,transport_attempt_iterations,transport_rejected_attempts,max_transport_true_rel,max_poisson_true_rel,poisson_fallback_stages,energy_relative_drift,circulation_drift,rho_min,rho_max,initial_rho_min,initial_rho_max,diagnostic_backends,phi_gradient_l2_error,phi_gradient_l2_rate,phi_hdg_h1_error,phi_hdg_h1_rate,phi_l2_error,phi_l2_rate,phi_linf_error,phi_linf_rate,phi_trace_mismatch_error,phi_trace_mismatch_rate,rho_gradient_l2_error,rho_gradient_l2_rate,rho_hdg_h1_error,rho_hdg_h1_rate,rho_l2_error,rho_l2_rate,rho_linf_error,rho_linf_rate,rho_trace_mismatch_error,rho_trace_mismatch_rate,max_advecting_cell_cfl,max_rms_length_cfl,max_broken_length_cfl,face_fraction_hdg_palinstrophy,last_accepted_step,last_accepted_time,last_diagnostic_time,partial_enstrophy_loss_fraction,failure_step,failure_stage,deficient_faces,nullity_lower_bound
manufactured,si-euler,0.04,complete,,5,0.2,14776,,1.9433318179799244,4.686815416953146,4.716245150868946,,,,,,,,,device,device,0.1378822002094239,92.0,28.8,5,0,460,0,4.770161110368649e-13,1.1784319335951629e-14,0,0.16439204196024812,,-1.1748728700098845,1.9956880101568615,-0.8299047720225321,1.9999999999558802,cuda,0.00473413520251246,,0.005175787538037393,,0.002092066078305703,,0.001963737461854853,,2.1734323243328177e-07,,0.026378256159512573,,0.0807765589072385,,0.011837919122175742,,0.007994611754020609,,0.07542482178788713,,,,,,,,,,,,,
manufactured,si-euler,0.02,complete,,10,0.19999999999999998,14776,,2.3513133840169758,2.3438218349557682,2.358122575434728,,,,,,,,,device,device,0.11263028510147706,51.2,24.7,10,0,512,0,2.479314294628455e-13,1.2980591888328097e-14,0,0.16518287422793834,,-1.1748752867650993,1.9979916730435683,-0.8299047720225321,1.9999999999558802,cuda,0.002382652864372581,0.9905321322930258,0.002605098329970372,0.9904405687101913,0.001053329303309934,0.9899718821418236,0.0009874945586167971,0.9917573605341287,1.24499660438075e-07,0.8038333666466573,0.014249206621637997,0.8884675985745035,0.04071396614664685,0.9884129200321157,0.005952602974289281,0.9918229272383173,0.004005873266575755,0.9969111936796317,0.03767165602777048,1.0015599277526235,,,,,,,,,,,,
manufactured,si-euler,0.01,complete,,20,0.20000000000000004,14776,,3.1445493290084414,1.172017972791299,1.1790612877175073,,,,,,,,,device,device,0.09954099574970314,27.0,21.0,20,0,540,0,1.181251430709847e-13,1.3674618453643974e-14,0,0.16558300233571535,,-1.1748765238819132,1.9989541316228971,-0.8299047720225321,1.9999999999558802,cuda,0.0011951132220889996,0.995421474338119,0.0013067245279089602,0.9953827913552844,0.0005284253723586265,0.9951848935583503,0.0004950709928615016,0.9961373769616717,6.383252611945583e-08,0.9637781599745343,0.007474611486673844,0.9308110956606511,0.02047738367599377,0.9914923693156862,0.0029849072952897403,0.9958345477194549,0.0020047318007405668,0.9987075381122925,0.01882933227110472,1.0004976150861087,,,,,,,,,,,,
manufactured,si-euler,0.005,complete,,40,0.2000000000000001,14776,,4.188647041009972,0.5860362134857386,0.5895306438588248,,,,,,,,,device,device,0.0861342898759176,19.775,18.525,40,0,791,0,3.250346544632715e-14,1.1869118997500635e-14,0,0.16578420709123284,,-1.1748771497492343,1.999440797257296,-0.8299047720225321,1.9999999999558802,cuda,0.000598487538117258,0.9977541896869795,0.0006543879365327781,0.9977369790573993,0.00026464360417019343,0.9976489515303149,0.00024785474696797927,0.9981405316848331,3.1141306367190575e-08,1.0354622761353665,0.00385796926284216,0.9541569440350569,0.010283963127951833,0.9936350563257953,0.0014946555077631001,0.9978731187356277,0.0010028097542940095,0.9993613069622029,0.009414986760327993,0.999950868581976,,,,,,,,,,,,
manufactured,si-bdf2,0.04,complete,,5,0.2,14776,,1.8102542480046395,4.688039892345225,4.716245150869995,,,,,,,,,device,device,0.13336729859001933,75.0,29.0,5,0,375,0,5.018354349550961e-13,1.3564339566162139e-14,0,0.16551572231403042,,-1.1748775908613667,1.9991938908073996,-0.8299047720225321,1.9999999999558802,cuda,0.0013981884283092484,,0.0015283776487491154,,0.0006172579269966545,,0.0005822655555094425,,8.773699954684383e-08,,0.007679803986240575,,0.02413123986411931,,0.00350858120894864,,0.0024352858696385926,,0.0226059108644796,,,,,,,,,,,,,
manufactured,si-bdf2,0.02,complete,,10,0.19999999999999998,14776,,1.9436553719860967,2.344197709348232,2.3581225754344555,,,,,,,,,device,device,0.102712745196186,35.6,24.9,10,0,356,0,2.507682562220345e-13,1.4672170627049866e-14,0,0.16586830479070364,,-1.1748777335793807,1.999737144833215,-0.8299047720225321,1.9999999999558802,cuda,0.0003504827489169732,1.9961434597842604,0.00038308178007305657,1.9962767489177713,0.0001546398803867844,1.9969610322304763,0.0001460734829255017,1.9949829712839766,1.815226110920531e-08,2.273036102973077,0.0020701297563349517,1.8913482900087812,0.006152323680249827,1.9716987310702663,0.0008831245600043898,1.9901989133698108,0.0006169967736384674,1.980756284687355,0.005725883379009428,1.9811298577328527,,,,,,,,,,,,
manufactured,si-bdf2,0.01,complete,,20,0.20000000000000004,14776,,2.7338787649932783,1.1721204584333995,1.1790612877173439,,,,,,,,,device,device,0.09257617199764354,22.05,21.25,20,0,441,0,1.1726636223645292e-13,1.516491383305424e-14,0,0.16595676106435045,,-1.1748777688622878,1.9999248495816173,-0.8299047720225321,1.9999999999558802,cuda,8.746127038878152e-05,2.002627226150037,9.559056658111758e-05,2.0027122536978537,3.857567352401547e-05,2.003149175431397,3.6470623050233186e-05,2.001887554521724,3.6671640055433695e-09,2.307412572711252,0.0005974743429576575,1.7927725324998378,0.0015727213118245642,1.9678683609638317,0.00022101851281523964,1.9984497198557092,0.00015493226047946784,1.9936253674650684,0.001437924737657515,1.993510121053227,,,,,,,,,,,,
manufactured,si-bdf2,0.005,complete,,40,0.2000000000000001,14776,,4.734154498000862,0.5860628826074816,0.5895306438587163,,,,,,,,,device,device,0.08963194629905047,18.975,18.65,40,0,759,0,2.1106051820921937e-14,1.4872672632605946e-14,0,0.16597881739138304,,-1.1748777776291957,1.9999787833169616,-0.8299047720225321,1.9999999999558802,cuda,2.1839561556189833e-05,2.0017004104646,2.3868782108729064e-05,2.0017432963181023,9.630800052848389e-06,2.0019637900249316,9.10937528564304e-06,2.001310822785355,8.540698680144928e-10,2.1022387878823974,0.00018092786525529683,1.7234621425326748,0.00040694456937135937,1.950358845061122,5.5281357213391016e-05,1.999302275902701,3.881392651261528e-05,1.99699128566711,0.00036029565867443884,1.9967349922723274,,,,,,,,,,,,
manufactured,predictor-corrector,0.04,complete,,5,0.2,14776,,1.9246806209848728,4.688511401182744,4.71624515086929,,,,,,,,,device,device,0.23952520400634966,137.0,58.0,10,0,685,0,4.770195178258973e-13,1.5356328727229464e-14,0,0.16598611089621032,,-1.174877687026127,2.0000001285508664,-0.8299047720225321,1.9999999999558802,cuda,1.8933413290506967e-05,,1.942178299201636e-05,,4.3279921069353555e-06,,5.3544069014699325e-06,,2.8659267046106e-10,,0.0003771365776458346,,0.0015767613503381687,,0.00010962969839307607,,0.00018831406826125274,,0.0015270644017041572,,,,,,,,,,,,,
manufactured,predictor-corrector,0.02,complete,,10,0.19999999999999998,14776,,2.856297050981084,2.3442551731196306,2.358122575434274,,,,,,,,,device,device,0.2122707479953533,76.3,53.1,20,0,763,0,2.356091809045446e-13,1.569070803698487e-14,0,0.16598614405411055,,-1.1748777785982263,2.000000006710874,-0.8299047720225321,1.9999999999558802,cuda,4.753393506955673e-06,1.993904777248764,4.875925318659507e-06,1.9939277171859908,1.0862310394513338e-06,1.9943668735840159,1.3518379449045659e-06,1.9858045637948234,1.005432638747347e-10,1.5111852852550873,9.466661175787567e-05,1.9941594888661676,0.00039429270249246277,1.999625403874677,2.748333655410286e-05,1.9960096063618935,4.685971068596473e-05,2.0067208304189723,0.0003817717041229579,1.9999788237708542,,,,,,,,,,,,
manufactured,predictor-corrector,0.01,complete,,20,0.20000000000000004,14776,,4.687253148003947,1.1721275330495182,1.1790612877175115,,,,,,,,,device,device,0.1958891764996224,46.6,48.6,40,0,932,0,1.1726557991198554e-13,1.420373386888817e-14,0,0.16598615245498982,,-1.1748777778823059,2.0000000007037575,-0.8299047720225321,1.9999999999558802,cuda,1.1900800642207535e-06,1.9978992032378697,1.2207503974068854e-06,1.9979077816815873,2.7192089385441836e-07,1.9980720799861502,3.3929991326286935e-07,1.994289248801591,3.160395686504264e-11,1.6696393257277848,2.3696590641489854e-05,1.998176181497389,9.854741406472876e-05,2.00037708970738,6.87639515566297e-06,1.9988328044710484,1.1681781570294092e-05,2.0040877327935043,9.540848809449781e-05,2.00052065048196,,,,,,,,,,,,
manufactured,predictor-corrector,0.005,complete,,40,0.2000000000000001,14776,,8.398678336990997,0.5860637605941408,0.5895306438585447,,,,,,,,,device,device,0.18455096257530385,37.55,44.325,80,0,1502,0,3.410453203607474e-14,1.5574861542169878e-14,0,0.16598615459497035,,-1.174877779819717,2.0000000006675407,-0.8299047720225321,1.9999999999558802,cuda,2.976836293064387e-07,1.9992068461475754,3.053544619157067e-07,1.9992114161665924,6.801326443722154e-08,1.9992989657011222,8.496845119165819e-08,1.9975618885078708,1.0741049802512026e-11,1.5569701918882,5.926819579958992e-06,1.999349459816354,2.463931689933986e-05,1.999855755403134,1.7195385004182116e-06,1.999631034299861,2.9159522789701242e-06,2.0022212996300635,2.3853971037927607e-05,1.999888166747858,,,,,,,,,,,,
vortex-gas,si-euler,0.02,complete,,250,4.999999999999981,161680,4527040,93.03722504197503,2.1650861289718755,3.446385242524605,0.29941785128717036,3.04813613263407,21316.289371083156,4.970633049904594,21318.774687608107,0.011958077835996941,0.01195738078667991,device,,,0.3437476691365009,42.488,29.176,250,0,10622,0,6.594647896127312e-13,9.770697650221757e-11,0,0.03379174039360966,6.255412854372366e-15,-6.567163002813296,6.368700893572456,-11.924527030308067,8.543954072451129,cuda,,,,,,,,,,,,,,,,,,,,,3.462542355497232,1.054527550855387,1.054466081301568,0.00011657876971686034,,,,,,,,
vortex-gas,si-euler,0.01,complete,,500,4.999999999999938,161680,4527040,170.70749688398791,1.075734273390894,1.7607556311817556,0.24320100058979222,3.2927278827784385,34102.89626430784,11.763774218974632,34108.778151417326,0.009826125092155686,0.009825277822720555,device,,,0.32750310025730867,28.25,29.0,500,0,14125,0,3.545101696950775e-13,5.8111014732022004e-11,0,0.01990568316467045,9.514958265732787e-16,-6.8584209176860815,6.615578538850876,-11.924527030308067,8.543954072451129,cuda,,,,,,,,,,,,,,,,,,,,,1.7648879944849485,0.6545594074573982,0.6545029672865053,0.000172444966611708,,,,,,,,
vortex-gas,si-euler,0.005,complete,,1000,4.999999999999916,161680,4527040,322.63266426700284,0.5361242869600502,0.8894409761231152,0.19078310472832238,3.5207909053169826,51359.96013708093,20.94971649941199,51370.43499533064,0.008279569916238301,0.008278725736674656,device,,,0.31626127272419396,23.184,27.659,1000,0,23184,0,7.758463005105293e-14,1.0169996717400801e-10,0,0.011251593745749737,-3.932618120039422e-15,-7.611560691691265,6.878817410281812,-11.924527030308067,8.543954072451129,cuda,,,,,,,,,,,,,,,,,,,,,0.8904888157000107,0.3912846270185166,0.3912447318924364,0.0002039083034951547,,,,,,,,
vortex-gas,si-bdf2,0.02,complete,,250,4.999999999999981,161680,4527040,91.19857012899593,2.1356793820231488,3.5953505632569365,0.08581613798365162,3.9774876747897365,107616.50855872239,768.203357635506,108000.61023754014,0.006079459537230129,0.006068639179274849,device,,,0.34143375341175125,35.18,29.856,250,0,8795,0,1.7301159278764646e-12,9.61110193448962e-11,0,0.0020860353072904656,-2.0832294223005476e-14,-10.214360523956172,7.312218817421654,-11.924527030308067,8.543954072451129,cuda,,,,,,,,,,,,,,,,,,,,,3.596939618443387,2.10240638266817,2.0986644728012442,0.0035564769307594372,,,,,,,,
vortex-gas,si-bdf2,0.01,complete,,500,4.999999999999938,161680,4527040,173.16874748299597,1.0684672540234574,1.7985665922287206,0.048771381999610064,4.138664289762059,157561.10773311602,844594823.8315749,422454973.0235206,0.005125138276321702,9.897827632682417e-05,device,,,0.3321826311756158,27.944,29.0,500,2,14439,5,4.967107504857645e-12,7.087175568754212e-11,0,0.0004764205144309391,-1.0341554002035735e-14,-11.829277444127081,8.056287972943265,-11.924527030308067,8.543954072451129,cuda,,,,,,,,,,,,,,,,,,,,,1.7987047181979006,64.5426729490361,1.2464683240910366,0.9996270345532792,,,,,,,,
vortex-gas,si-bdf2,0.005,complete,,1000,4.999999999999916,161680,4527040,329.04228394298116,0.5343059109640694,0.8996070095729525,0.02767122194760996,4.230468170830154,206224.0604046333,115294967.53266487,57853707.82673707,0.004529231813469318,0.00027041365417256643,device,,,0.321823945946584,25.804,28.234,1000,2,25863,2,3.909950360860258e-13,9.399424576729283e-11,0,0.00010165244010533155,-4.8823792231367236e-15,-11.929488341332798,8.6889094048304,-11.924527030308067,8.543954072451129,cuda,,,,,,,,,,,,,,,,,,,,,0.8996235263765271,11.841213850745618,0.7069688722260894,0.9964354218916747,,,,,,,,
vortex-gas,predictor-corrector,0.02,failed,LinearSolveConvergenceError: pyamgx-device solve exhausted 6 bounded attempts: primary-stage-guess: backend-divergence; pbicgstab-l1-zero: backend-divergence; pbicgstab-block-jacobi-zero: backend-divergence; robust-zero-scaled: backend-nonconvergence; robust-correction-1: backend-nonconvergence; robust-correction-2: backend-nonconvergence,,,,,103.22057775402209,,3.366562243850988,,,,,,,,,,,,,,,,,,,,,0.0006101215328301137,,-12.201058469591223,8.357892489664628,,,,,,,,,,,,,,,,,,,,,,,,,,,,126,2.520000000000002,2.5000000000000018,0.00047329747085789187,127,corrector,1,2
vortex-gas,predictor-corrector,0.01,complete,,500,4.999999999999938,161680,4527040,349.64880384498974,1.068564918772158,1.799310425495814,0.011456627539618958,4.301015630798711,276223.41719311837,9860322918.301105,4930437682.567746,0.003945983487906786,2.9535394323584254e-05,device,,,0.6836593452624511,73.458,54.53,1000,193,43296,194,2.9722999735808796e-11,9.380129659409644e-11,0,0.0002781706367231392,9.983333604246525e-16,-13.51433797702196,9.288115379627328,-11.924527030308067,8.543954072451129,cuda,,,,,,,,,,,,,,,,,,,,,1.8011781119046835,216.9055509342105,1.623521993300224,0.9999439758830803,,,,,,,,
vortex-gas,predictor-corrector,0.005,interrupted,Stopped at user request to summarize and wrap up; not a numerical failure.,,,,,413.6046030521393,,0.8996168831469225,,,,,,,,,,,,,,,,,,,,,2.091783871262945e-05,,-11.988695989886835,8.654834987897214,,,,,,,,,,,,,,,,,,,,,,,,,,,,628,3.1399999999999553,2.9999999999999583,0.0020364334380944538,,,,
