study,problem,n,p,trace_dofs,method,status,iterations,hot_ms,fresh_ms,setup_ms,residual
million_dof,Transport dominated,289,3,999940,AMG/DILU--FGMRES,passed,35,255.54784204966077,588.0253580398858,331.04837499558926,6.686613664176372e-12
million_dof,Transport dominated,289,3,999940,DILU--FGMRES,numerical_failure,,,,,
million_dof,Transport dominated,289,3,999940,AMG/DILU--BiCGSTAB,passed,19,255.1826056248198,586.7193309823051,331.56623400282115,7.34170331629083e-12
million_dof,Transport dominated,289,3,999940,DILU--BiCGSTAB,passed,357,491.2797696888447,684.8581810481846,193.47092194948345,5.9354784841814415e-12
million_dof,Transport dominated,289,3,999940,ASM+PP--GMRES,passed,51,403.97979602372897,1654.233098961413,1250.4084239481017,8.12839767369147e-12
million_dof,Transport dominated,289,3,999940,BJ+PP--GMRES,passed,150,729.6917273585374,1111.8748679291457,382.74160504806787,8.821297517131314e-13
million_dof,Transport dominated,289,3,999940,PP--GMRES,passed,149,794.4534896717718,1165.5758690321818,371.9904019962996,5.08387201191903e-14
million_dof,Transport dominated,259,4,1003625,AMG/DILU--FGMRES,passed,36,336.74406302937615,704.6104071196169,364.80950203258544,8.369835807366297e-12
million_dof,Transport dominated,259,4,1003625,DILU--FGMRES,passed,984,2325.1517423195764,2562.745664967224,224.47836794890463,9.087508148964829e-12
million_dof,Transport dominated,259,4,1003625,AMG/DILU--BiCGSTAB,passed,19,332.9569050498928,703.2935590250418,369.7933619841933,7.889327957471533e-12
million_dof,Transport dominated,259,4,1003625,DILU--BiCGSTAB,passed,308,849.8651280145472,1072.2678039455786,222.42511995136738,5.518953840814589e-12
million_dof,Transport dominated,259,4,1003625,ASM+PP--GMRES,passed,92,971.9071827130392,1924.1922649089247,952.4448289303109,5.3177930474472963e-14
million_dof,Transport dominated,259,4,1003625,BJ+PP--GMRES,passed,200,939.1822113345066,1120.675796060823,181.2894850736484,5.349082494789863e-14
million_dof,Transport dominated,259,4,1003625,PP--GMRES,passed,150,973.9372393426796,1144.9827910400927,172.36874904483557,5.766803552317033e-13
million_dof,High diffusion,289,3,999940,AMG/Jac.--FGMRES,passed,43,130.60862163547426,449.8490708647296,319.7497279616073,1.4258218673355201e-11
million_dof,High diffusion,289,3,999940,AMG/DILU--FGMRES,passed,27,204.35597433242947,531.6757978871465,325.1413779798895,1.0975047519814276e-11
million_dof,High diffusion,289,3,999940,AMG/Jac.--BiCGSTAB,passed,27,128.53866233490407,454.02635796926916,325.6598029984161,1.3285185793917035e-11
million_dof,High diffusion,289,3,999940,AMG/DILU--BiCGSTAB,passed,16,219.2926580319181,547.4784299731255,328.13209597952664,1.2332265805873744e-11
million_dof,High diffusion,289,3,999940,ASM+PP--GMRES,passed,225,1657.7537546788033,3056.6927239997312,1401.0727129643783,7.654668941478235e-12
million_dof,High diffusion,289,3,999940,BJ+PP--GMRES,passed,525,2567.3197693346688,2951.231718994677,387.3844820773229,7.485876763983753e-12
million_dof,High diffusion,289,3,999940,$hp$-BSR--GMRES,passed,68,261.2428799814855,1397.169031901285,1136.6690429858863,7.496106792382927e-12
million_dof,High diffusion,289,3,999940,PP--GMRES,passed,600,2141.5455187282837,2510.9914840431884,369.13858202751726,8.823873749986706e-12
million_dof,High diffusion,259,4,1003625,AMG/Jac.--FGMRES,passed,48,241.09623034019023,605.7743990095332,359.4597320770845,1.4198193149933859e-11
million_dof,High diffusion,259,4,1003625,AMG/DILU--FGMRES,passed,29,269.9786803374688,636.8854518514127,367.920707911253,1.116718846565999e-11
million_dof,High diffusion,259,4,1003625,AMG/Jac.--BiCGSTAB,passed,26,219.4997842889279,579.9709249986336,360.59938301332295,1.60934104537224e-11
million_dof,High diffusion,259,4,1003625,AMG/DILU--BiCGSTAB,passed,16,272.837030972975,640.1000579353422,367.4935450544581,1.2797913632643327e-11
million_dof,High diffusion,259,4,1003625,ASM+PP--GMRES,passed,200,2156.3325523165986,3252.159563009627,1096.5899870498106,8.334175515185563e-12
million_dof,High diffusion,259,4,1003625,BJ+PP--GMRES,passed,675,3074.0045053341114,3254.413237096742,182.83160810824484,8.594105677452145e-12
million_dof,High diffusion,259,4,1003625,$hp$-BSR--GMRES,passed,70,266.42471629505354,1392.74690405,1126.1283450294286,8.337277502794395e-12
million_dof,High diffusion,259,4,1003625,PP--GMRES,passed,400,2315.5444806519276,2483.87045704294,167.87583206314594,8.659294003183028e-12
million_dof,Variable velocity,289,3,999940,AMG/Jac.--FGMRES,passed,35,104.56647200044245,423.49975008983165,322.11427099537104,6.6478866400440436e-12
million_dof,Variable velocity,289,3,999940,AMG/DILU--FGMRES,passed,22,161.0141429506863,486.5636439062655,325.410277931951,4.329880981181108e-12
million_dof,Variable velocity,289,3,999940,DILU--FGMRES,numerical_failure,,,,,
million_dof,Variable velocity,289,3,999940,AMG/Jac.--BiCGSTAB,passed,21,98.38671799904357,419.20130094513297,320.89679897762835,5.169729868245818e-12
million_dof,Variable velocity,289,3,999940,AMG/DILU--BiCGSTAB,passed,14,185.55917167880884,512.9198789363727,327.4419440422207,7.497422973792393e-12
million_dof,Variable velocity,289,3,999940,DILU--BiCGSTAB,numerical_failure,,,,,
million_dof,Variable velocity,289,3,999940,ASM+PP--GMRES,passed,225,1870.3600219838943,3128.75809695106,1260.1044659968466,9.242890390733887e-13
million_dof,Variable velocity,289,3,999940,BJ+PP--GMRES,numerical_failure,,,,,
million_dof,Variable velocity,289,3,999940,$hp$-BSR--GMRES,passed,67,256.40141932914656,1395.397898973897,1139.098369050771,3.786513125990707e-15
million_dof,Variable velocity,289,3,999940,PP--GMRES,passed,600,1753.634503344074,2117.242783890106,365.7467000884935,2.391360533343564e-13
million_dof,Variable velocity,259,4,1003625,AMG/Jac.--FGMRES,passed,39,191.20087567716837,547.5125859957188,354.7293159645051,6.651034946444982e-12
million_dof,Variable velocity,259,4,1003625,AMG/DILU--FGMRES,passed,23,209.03875899966806,574.170432984829,364.5718959160149,5.427565619942034e-12
million_dof,Variable velocity,259,4,1003625,DILU--FGMRES,numerical_failure,,,,,
million_dof,Variable velocity,259,4,1003625,AMG/Jac.--BiCGSTAB,passed,23,192.68490766019872,549.8609590576962,357.4212050298229,7.164531063610521e-12
million_dof,Variable velocity,259,4,1003625,AMG/DILU--BiCGSTAB,passed,15,251.42191897612065,613.1383698666468,361.7300329497084,5.1470417586554665e-12
million_dof,Variable velocity,259,4,1003625,DILU--BiCGSTAB,numerical_failure,,,,,
million_dof,Variable velocity,259,4,1003625,ASM+PP--GMRES,passed,225,2476.9474013786144,3442.570516024716,966.2152340169996,8.647822577037345e-15
million_dof,Variable velocity,259,4,1003625,BJ+PP--GMRES,passed,350,2169.6783893276006,2353.7247190251946,184.70315099693835,7.593134919228307e-13
million_dof,Variable velocity,259,4,1003625,$hp$-BSR--GMRES,passed,33,125.80718235888828,1233.9389470871538,1107.409987016581,8.62439745044234e-12
million_dof,Variable velocity,259,4,1003625,PP--GMRES,passed,375,2099.8987770096087,2265.7937810290605,167.78329201042652,7.630945118432916e-13
scaling,Transport dominated,128,6,342272,AMG/DILU--FGMRES,passed,36,309.0155873214826,560.7196750352159,254.49674297124147,8.87190152439005e-12
scaling,Transport dominated,128,6,342272,AMG/DILU--BiCGSTAB,passed,20,322.09733438988525,576.1521239764988,253.38323100004345,9.90700477668122e-12
scaling,Transport dominated,128,6,342272,DILU--BiCGSTAB,passed,145,124.06013964209706,239.381332998164,115.38363702129573,4.304580166660806e-12
scaling,Transport dominated,128,6,342272,ASM+PP--GMRES,passed,25,137.16534967534244,548.8319819560274,412.11443301290274,7.233205994709314e-12
scaling,Transport dominated,128,6,342272,BJ+PP--GMRES,passed,49,108.32463565748185,273.55819602962583,165.29885691124946,6.50449393991477e-12
scaling,Transport dominated,128,6,342272,PP--GMRES,passed,150,419.43989899785566,578.6465080454946,159.55042198766023,2.1794523273299984e-14
scaling,Transport dominated,223,6,1041187,AMG/DILU--FGMRES,passed,37,573.5497800245261,1026.908583007753,454.35775606893003,6.75105794735788e-12
scaling,Transport dominated,223,6,1041187,AMG/DILU--BiCGSTAB,passed,20,576.681577328903,1034.986910992302,458.5582800209522,6.579077438189518e-12
scaling,Transport dominated,223,6,1041187,DILU--BiCGSTAB,passed,264,633.817391974541,936.3605579128489,301.97378795128316,2.0588480934024555e-12
scaling,Transport dominated,223,6,1041187,ASM+PP--GMRES,passed,41,682.5896873682117,1720.3046639915556,1037.9833650076762,3.437084277540843e-12
scaling,Transport dominated,223,6,1041187,BJ+PP--GMRES,passed,164,1214.1026156799246,1471.2768970057368,257.0010599447414,5.549087231756484e-14
scaling,Transport dominated,223,6,1041187,PP--GMRES,passed,225,2212.63173102246,2450.9518061531708,239.83037692960352,2.2114172635597598e-13
scaling,Transport dominated,32,6,21056,AMG/DILU--FGMRES,passed,21,49.2279746880134,131.50173996109515,81.94384898524731,4.029705838224168e-12
scaling,Transport dominated,32,6,21056,AMG/DILU--BiCGSTAB,passed,14,60.50386663991958,144.0319720422849,83.47565401345491,4.256178790935887e-12
scaling,Transport dominated,32,6,21056,DILU--BiCGSTAB,passed,40,10.010325000621378,40.09960498660803,30.193547951057553,2.1230338064108543e-14
scaling,Transport dominated,32,6,21056,ASM+PP--GMRES,passed,10,9.719640326996645,40.607623872347176,30.886770924553275,7.063716185647944e-13
scaling,Transport dominated,32,6,21056,BJ+PP--GMRES,passed,20,9.776340293077132,21.40751213300973,12.201245059259236,3.759766416068954e-12
scaling,Transport dominated,32,6,21056,PP--GMRES,passed,133,75.78068866860121,88.96272990386933,14.112677075900137,3.0246681957899892e-15
scaling,Transport dominated,64,1,24320,AMG/DILU--FGMRES,passed,34,97.03819368345042,406.9181149825454,310.0229379488155,6.197528645108075e-12
scaling,Transport dominated,64,1,24320,AMG/DILU--BiCGSTAB,passed,20,98.63328405966361,409.2972809448838,310.8235839754343,2.3415681579518155e-12
scaling,Transport dominated,64,1,24320,DILU--BiCGSTAB,passed,91,18.454294030865032,49.231975921429694,30.66906100139022,1.3988449766766428e-12
scaling,Transport dominated,64,1,24320,ASM+PP--GMRES,passed,32,30.310299014672637,78.78757594153285,50.76216591987759,5.218572935113847e-15
scaling,Transport dominated,64,1,24320,BJ+PP--GMRES,passed,76,37.13805368170142,46.49889003485441,11.997338035143912,5.223371086144772e-15
scaling,Transport dominated,64,1,24320,PP--GMRES,passed,54,31.164245291923482,44.578063883818686,13.249708921648562,5.221456672586812e-15
scaling,Transport dominated,64,2,36480,AMG/DILU--FGMRES,passed,31,92.63820596970618,276.2541539268568,184.00859797839075,6.828493705204661e-12
scaling,Transport dominated,64,2,36480,AMG/DILU--BiCGSTAB,passed,19,98.61768165137619,284.00107100605965,185.5116490041837,7.66508235064204e-12
scaling,Transport dominated,64,2,36480,DILU--BiCGSTAB,passed,74,17.008634361748893,48.86268905829638,31.961185042746365,3.415625271482529e-12
scaling,Transport dominated,64,2,36480,ASM+PP--GMRES,passed,15,15.033615326198438,72.66347005497664,59.22397004906088,2.8692846436490518e-12
scaling,Transport dominated,64,2,36480,BJ+PP--GMRES,passed,71,34.129634383134544,50.03912281244993,16.93474897183478,4.527557434197125e-15
scaling,Transport dominated,64,2,36480,PP--GMRES,passed,48,30.094576339858275,47.325716936029494,18.01035599783063,4.515484538685301e-15
scaling,Transport dominated,64,3,48640,AMG/DILU--FGMRES,passed,33,61.14144231347988,122.62797506991774,61.36309704743326,3.2041124464715177e-12
scaling,Transport dominated,64,3,48640,AMG/DILU--BiCGSTAB,passed,20,60.61525864060968,123.7588410731405,63.062630011700094,5.321288496687798e-12
scaling,Transport dominated,64,3,48640,DILU--BiCGSTAB,passed,78,19.851874327287078,51.64016911294311,32.208028016611934,3.354985945142396e-14
scaling,Transport dominated,64,3,48640,ASM+PP--GMRES,passed,15,14.784764343251785,81.45567891187966,67.17864598613232,1.560645797054967e-12
scaling,Transport dominated,64,3,48640,BJ+PP--GMRES,passed,33,16.432757683408756,37.66986902337521,21.801950060762465,4.606405019343385e-12
scaling,Transport dominated,64,3,48640,PP--GMRES,passed,57,34.24194400819639,55.49911700654775,22.315514972433448,5.278590543716602e-15
scaling,Transport dominated,64,4,60800,AMG/DILU--FGMRES,passed,32,76.25042965325217,148.90526607632637,73.13547609373927,4.6024686454788666e-12
scaling,Transport dominated,64,4,60800,AMG/DILU--BiCGSTAB,passed,20,77.89229659829289,151.25875594094396,73.46079999115318,7.731165819415983e-13
scaling,Transport dominated,64,4,60800,DILU--BiCGSTAB,passed,74,26.415370327110093,61.355872079730034,35.35333008039743,8.313567133693114e-12
scaling,Transport dominated,64,4,60800,ASM+PP--GMRES,passed,30,29.061583026001852,103.38126099668443,74.22504399437457,5.843678983554217e-15
scaling,Transport dominated,64,4,60800,BJ+PP--GMRES,passed,63,32.69724198617041,58.5991790285334,26.897331001237035,5.767816446000567e-15
scaling,Transport dominated,64,4,60800,PP--GMRES,passed,74,44.131244998425245,70.95197902526706,27.60025707539171,5.807604763911802e-15
scaling,Transport dominated,64,6,85120,AMG/DILU--FGMRES,passed,29,148.1114939864104,740.6703110318631,592.9575799964368,2.3653421783218517e-12
scaling,Transport dominated,64,6,85120,AMG/DILU--BiCGSTAB,passed,17,155.98301500237235,750.8626820053905,594.9618680169806,2.1726580969279856e-12
scaling,Transport dominated,64,6,85120,DILU--BiCGSTAB,passed,76,27.136517339386046,70.28456591069698,43.3052679290995,5.2848059768051695e-12
scaling,Transport dominated,64,6,85120,ASM+PP--GMRES,passed,15,19.16960731614381,117.61154199484736,98.92209095414728,5.406375623811176e-12
scaling,Transport dominated,64,6,85120,BJ+PP--GMRES,passed,57,28.552332310937345,68.73850396368653,40.42444902006537,7.281982850147775e-15
scaling,Transport dominated,64,6,85120,PP--GMRES,passed,125,93.67161535192281,134.60471795406193,41.14407498855144,7.282812415082363e-15
scaling,High diffusion,128,6,342272,AMG/Jac.--FGMRES,passed,52,183.26834600884467,461.97072602808475,271.43372502177954,1.0027281217174595e-11
scaling,High diffusion,128,6,342272,AMG/Jac.--BiCGSTAB,passed,30,174.08371402416378,446.43972197081894,272.37026405055076,9.482190508443939e-12
scaling,High diffusion,128,6,342272,ASM+PP--GMRES,passed,166,922.0462666125968,1366.8551609152928,441.7961930157617,3.0856740415979255e-12
scaling,High diffusion,128,6,342272,BJ+PP--GMRES,passed,300,680.4474923216427,848.6965050688013,168.5615440364927,4.721810449021147e-12
scaling,High diffusion,128,6,342272,$hp$-BSR--GMRES,passed,70,116.68344462911288,535.5482328450307,418.9996869536117,3.059825238836449e-12
scaling,High diffusion,128,6,342272,PP--GMRES,numerical_failure,,,,,
scaling,High diffusion,223,6,1041187,AMG/Jac.--FGMRES,passed,54,277.93924770473194,731.3537739682943,448.8535299897194,1.4895261758351863e-11
scaling,High diffusion,223,6,1041187,AMG/Jac.--BiCGSTAB,passed,29,250.12308397951224,704.0588830132037,454.0791210019961,1.6526910658675957e-11
scaling,High diffusion,223,6,1041187,ASM+PP--GMRES,passed,200,3493.603508337401,4601.750106085092,1106.0618360061198,9.323579045006255e-12
scaling,High diffusion,223,6,1041187,BJ+PP--GMRES,passed,825,6084.011739003472,6342.233887990005,257.0558680454269,9.302130494867081e-12
scaling,High diffusion,223,6,1041187,$hp$-BSR--GMRES,passed,71,276.0760360009347,1506.359310937114,1230.0266349921003,9.329748621439176e-12
scaling,High diffusion,223,6,1041187,PP--GMRES,numerical_failure,,,,,
scaling,High diffusion,32,6,21056,AMG/Jac.--FGMRES,passed,49,144.8682596674189,382.36994994804263,236.3743269816041,6.572086439320816e-12
scaling,High diffusion,32,6,21056,AMG/Jac.--BiCGSTAB,passed,30,146.76446529726186,382.30681989807636,235.74486293364316,8.976058515531772e-12
scaling,High diffusion,32,6,21056,ASM+PP--GMRES,passed,43,32.815119329219065,67.38139991648495,32.238797983154655,1.873898240931712e-13
scaling,High diffusion,32,6,21056,BJ+PP--GMRES,passed,110,53.50707230779032,65.89126097969711,13.231222052127123,1.8761488294324483e-13
scaling,High diffusion,32,6,21056,$hp$-BSR--GMRES,passed,58,42.51780031093707,93.60726096201688,50.13706593308598,1.920032562895864e-13
scaling,High diffusion,32,6,21056,PP--GMRES,passed,93,41.42690030857921,55.133927962742746,13.325777021236718,1.875376694795971e-13
scaling,High diffusion,64,1,24320,AMG/Jac.--FGMRES,passed,98,294.83591167566675,610.0670960731804,313.8297830009833,8.050551666393145e-12
scaling,High diffusion,64,1,24320,AMG/Jac.--BiCGSTAB,passed,54,258.2018579511593,569.6789518697187,311.9095868896693,9.665115788822503e-12
scaling,High diffusion,64,1,24320,ASM+PP--GMRES,passed,63,47.12889366783202,107.87222010549158,59.15984895545989,1.7293517140966565e-13
scaling,High diffusion,64,1,24320,BJ+PP--GMRES,passed,150,72.02397368382663,85.19588399212807,12.510488042607903,1.735513506419218e-13
scaling,High diffusion,64,1,24320,$hp$-BSR--GMRES,passed,50,39.330876005503036,111.23237397987396,71.12981390673667,1.7330340166648126e-13
scaling,High diffusion,64,1,24320,PP--GMRES,passed,103,45.42135167866945,58.663946110755205,12.808840023353696,1.7454026541432278e-13
scaling,High diffusion,64,2,36480,AMG/Jac.--FGMRES,passed,34,41.36902935958157,98.93932100385427,57.231153012253344,4.888627297439816e-12
scaling,High diffusion,64,2,36480,AMG/Jac.--BiCGSTAB,passed,19,32.70301595330238,91.53377509210259,58.725106064230204,8.018052439769232e-12
scaling,High diffusion,64,2,36480,ASM+PP--GMRES,passed,69,50.26983733599385,117.31889192014933,63.8030800037086,2.7585264554381986e-13
scaling,High diffusion,64,2,36480,BJ+PP--GMRES,passed,150,75.8686443247522,91.46159794181585,16.71586907468736,2.7707118827369234e-13
scaling,High diffusion,64,2,36480,$hp$-BSR--GMRES,passed,53,41.5456349728629,118.56067390181124,74.75551101379097,2.723281592462966e-13
scaling,High diffusion,64,2,36480,PP--GMRES,passed,119,54.72791998181492,70.00480010174215,16.58110204152763,2.749961870386545e-13
scaling,High diffusion,64,3,48640,AMG/Jac.--FGMRES,passed,40,62.62138062932839,138.07690714020282,75.79485210590065,5.3708734286067305e-12
scaling,High diffusion,64,3,48640,AMG/Jac.--BiCGSTAB,passed,26,59.211334330029786,136.0303530236706,77.14684295933694,3.2517230821908987e-12
scaling,High diffusion,64,3,48640,ASM+PP--GMRES,passed,74,58.28346005485704,128.8305870257318,70.78420289326459,3.6558977044919915e-13
scaling,High diffusion,64,3,48640,BJ+PP--GMRES,passed,150,76.52610365767032,96.96863987483084,21.29847789183259,3.6868251136922495e-13
scaling,High diffusion,64,3,48640,$hp$-BSR--GMRES,passed,58,48.01637962615738,127.16245208866894,78.59834597911686,3.615211840348076e-13
scaling,High diffusion,64,3,48640,PP--GMRES,passed,129,57.77700567462792,82.3847750434652,21.503989002667367,3.688270116335465e-13
scaling,High diffusion,64,4,60800,AMG/Jac.--FGMRES,passed,44,92.35416705875348,200.88719099294394,107.90395794901997,9.216517037146987e-12
scaling,High diffusion,64,4,60800,AMG/Jac.--BiCGSTAB,passed,27,89.38677337331076,198.09841399546713,108.87776000890881,9.297946726231471e-12
scaling,High diffusion,64,4,60800,ASM+PP--GMRES,passed,79,62.18405564626058,145.67874802742153,81.97911898605525,5.089860315930299e-13
scaling,High diffusion,64,4,60800,BJ+PP--GMRES,passed,150,76.33782632183284,105.11688992846757,27.707886998541653,5.08613335194908e-13
scaling,High diffusion,64,4,60800,$hp$-BSR--GMRES,passed,60,47.052077017724514,135.0818470818922,85.45015309937298,5.094583715756476e-13
scaling,High diffusion,64,4,60800,PP--GMRES,passed,129,60.76320466430237,88.99631595704705,26.68253192678094,5.067384536088097e-13
scaling,High diffusion,64,6,85120,AMG/Jac.--FGMRES,passed,51,154.40386130164066,381.2998969806358,226.9835090264678,7.519547843247832e-12
scaling,High diffusion,64,6,85120,AMG/Jac.--BiCGSTAB,passed,27,134.173876993979,363.1883109919727,229.31202605832368,9.234438974179638e-12
scaling,High diffusion,64,6,85120,ASM+PP--GMRES,passed,86,96.4681572901706,201.01578580215573,104.61549391038716,7.610594326200418e-13
scaling,High diffusion,64,6,85120,BJ+PP--GMRES,passed,150,80.95708927915742,119.95574401225895,40.36549699958414,7.666128002599929e-13
scaling,High diffusion,64,6,85120,$hp$-BSR--GMRES,passed,65,55.57527237882217,173.98792796302587,119.21901698224247,7.638634216149896e-13
scaling,High diffusion,64,6,85120,PP--GMRES,passed,167,95.97851599877079,136.6599890170619,39.6211709594354,7.597746539956892e-13
scaling,Variable velocity,128,6,342272,AMG/Jac.--FGMRES,passed,43,151.38433505004892,417.0205539558083,268.66591605357826,6.172611245129975e-12
scaling,Variable velocity,128,6,342272,AMG/Jac.--BiCGSTAB,passed,27,155.6380073695133,422.31786996126175,266.71609294135123,5.255801749954238e-12
scaling,Variable velocity,128,6,342272,ASM+PP--GMRES,passed,150,837.3681689845398,1250.742760952562,414.2847179900855,3.3735334182639305e-15
scaling,Variable velocity,128,6,342272,BJ+PP--GMRES,passed,200,621.2680973112583,790.5290819471702,168.75059506855905,8.184979878842622e-13
scaling,Variable velocity,128,6,342272,$hp$-BSR--GMRES,passed,34,57.27920696760217,480.75710609555244,423.2741700252518,5.132675207662754e-12
scaling,Variable velocity,128,6,342272,PP--GMRES,numerical_failure,,,,,
scaling,Variable velocity,223,6,1041187,AMG/Jac.--FGMRES,passed,43,217.53020565180728,668.9847499364987,451.5138119459152,8.462327562733795e-12
scaling,Variable velocity,223,6,1041187,AMG/Jac.--BiCGSTAB,passed,26,221.32728900760412,674.1872311104089,452.85246009007096,3.61218529998015e-12
scaling,Variable velocity,223,6,1041187,ASM+PP--GMRES,passed,150,2567.6775539759547,3580.1161560229957,1013.8648470165208,8.496026858574629e-12
scaling,Variable velocity,223,6,1041187,BJ+PP--GMRES,passed,350,3602.6377516876287,3862.5446900259703,260.2224999573082,8.268238708534287e-13
scaling,Variable velocity,223,6,1041187,$hp$-BSR--GMRES,passed,35,136.45863866743943,1365.182008012198,1228.8015939993784,2.83052598328253e-12
scaling,Variable velocity,223,6,1041187,PP--GMRES,numerical_failure,,,,,
scaling,Variable velocity,32,6,21056,AMG/Jac.--FGMRES,passed,40,114.61437330581248,350.4895349033177,236.11317295581102,8.419811211406248e-12
scaling,Variable velocity,32,6,21056,AMG/Jac.--BiCGSTAB,passed,24,119.49887099520613,356.04136309120804,236.71543202362955,7.131905601038392e-12
scaling,Variable velocity,32,6,21056,ASM+PP--GMRES,passed,22,22.136419041392703,53.24519402347505,29.878449044190347,1.2509315898454827e-12
scaling,Variable velocity,32,6,21056,BJ+PP--GMRES,passed,38,24.28382095725586,37.62205201201141,15.167057979851961,6.644906129867466e-13
scaling,Variable velocity,32,6,21056,$hp$-BSR--GMRES,passed,29,22.390292297738295,74.22036002390087,52.53448698204011,1.6122388599318839e-12
scaling,Variable velocity,32,6,21056,PP--GMRES,passed,99,42.90047431519876,56.38796207495034,13.299381942488253,1.6546774287586256e-15
scaling,Variable velocity,64,1,24320,AMG/Jac.--FGMRES,passed,76,237.28700734985372,549.4592239847407,313.437941018492,9.271960366513216e-12
scaling,Variable velocity,64,1,24320,AMG/Jac.--BiCGSTAB,passed,44,210.3852123642961,522.6996989222243,312.69327900372446,8.898628043023913e-12
scaling,Variable velocity,64,1,24320,ASM+PP--GMRES,passed,34,32.16940835894396,83.03844498004764,49.75504393223673,3.468847574143696e-13
scaling,Variable velocity,64,1,24320,BJ+PP--GMRES,passed,100,61.332075662600495,77.68623298034072,13.434530002996325,1.5057391406098824e-15
scaling,Variable velocity,64,1,24320,$hp$-BSR--GMRES,passed,25,20.48575001147886,87.72222010884434,67.20707495696843,7.2673211938241606e-12
scaling,Variable velocity,64,1,24320,PP--GMRES,passed,53,23.760861678359408,36.936040967702866,12.622408918105066,2.5617195601004923e-12
scaling,Variable velocity,64,2,36480,AMG/Jac.--FGMRES,passed,29,33.79159230583658,92.43662096560001,58.39913396630436,4.9813880513842966e-12
scaling,Variable velocity,64,2,36480,AMG/Jac.--BiCGSTAB,passed,17,29.317599372006953,87.17565191909671,58.01361799240112,5.548337302914997e-12
scaling,Variable velocity,64,2,36480,ASM+PP--GMRES,passed,36,33.60920038539916,94.59294495172799,61.40667689032853,1.358371522850771e-12
scaling,Variable velocity,64,2,36480,BJ+PP--GMRES,passed,100,63.26803068319956,79.11384897306561,17.49766292050481,1.6660374749275232e-15
scaling,Variable velocity,64,2,36480,$hp$-BSR--GMRES,passed,54,43.268019993168615,116.65229895152152,73.69536894839257,1.6896351094148185e-15
scaling,Variable velocity,64,2,36480,PP--GMRES,passed,61,29.201492317952216,43.85795595590025,17.069107969291508,2.4197699336774666e-12
scaling,Variable velocity,64,3,48640,AMG/Jac.--FGMRES,passed,33,49.23926736228168,126.2436379911378,77.41028594318777,9.450826344979113e-12
scaling,Variable velocity,64,3,48640,AMG/Jac.--BiCGSTAB,passed,20,45.28541769832373,121.97538407053798,76.7941620433703,1.792643438746468e-12
scaling,Variable velocity,64,3,48640,ASM+PP--GMRES,passed,38,34.824205989328526,103.99148997385055,66.00796803832054,2.8744165590176688e-12
scaling,Variable velocity,64,3,48640,BJ+PP--GMRES,passed,100,61.27543766827633,85.24727798067033,23.392866016365588,1.7629604669109876e-15
scaling,Variable velocity,64,3,48640,$hp$-BSR--GMRES,passed,29,24.890485025631886,102.40308800712228,78.77197000198066,4.410386015838891e-12
scaling,Variable velocity,64,3,48640,PP--GMRES,passed,66,31.2976020310695,52.78941395226866,22.35643705353141,2.8548590521352154e-12
scaling,Variable velocity,64,4,60800,AMG/Jac.--FGMRES,passed,37,74.77569634405275,183.37886896915734,107.56076301913708,7.1958527354591886e-12
scaling,Variable velocity,64,4,60800,AMG/Jac.--BiCGSTAB,passed,20,66.43367834233989,174.19358796905726,107.83281200565398,8.670846092026499e-12
scaling,Variable velocity,64,4,60800,ASM+PP--GMRES,passed,41,39.57715102781852,112.14554694015533,73.53066594805568,3.6959643918255097e-13
scaling,Variable velocity,64,4,60800,BJ+PP--GMRES,passed,100,63.09903731259207,92.15080889407545,29.024212039075792,2.0460994323608173e-15
scaling,Variable velocity,64,4,60800,$hp$-BSR--GMRES,passed,30,24.752954680783052,111.51172395329922,84.43454303778708,5.115802391307122e-12
scaling,Variable velocity,64,4,60800,PP--GMRES,passed,66,30.728804296813905,58.4612371167168,27.534701046533883,2.937429306356685e-12
scaling,Variable velocity,64,6,85120,AMG/Jac.--FGMRES,passed,42,122.9699986288324,352.0044529577717,228.92010700888932,6.920936324907935e-12
scaling,Variable velocity,64,6,85120,AMG/Jac.--BiCGSTAB,passed,24,119.27247163839638,348.5124041326344,229.4330660952255,9.189996660007164e-12
scaling,Variable velocity,64,6,85120,ASM+PP--GMRES,passed,44,53.660158339577414,155.12024203781039,101.00339306518435,1.9736470905964328e-12
scaling,Variable velocity,64,6,85120,BJ+PP--GMRES,passed,100,68.1174867010365,109.19310990720987,42.64680400956422,2.9295978927796576e-15
scaling,Variable velocity,64,6,85120,$hp$-BSR--GMRES,passed,31,26.278348988853395,138.29568901564926,112.12613095995039,2.2292263582555466e-12
scaling,Variable velocity,64,6,85120,PP--GMRES,passed,150,86.58048332047959,125.44536299537867,39.75690191145986,2.3751834782625913e-15
