tag,gamma,delta,beta1,beta2,returncode,timed_out,seconds,log
beta_wide_a40_50_g0500_dp350_b775_825,0.5,0.35,0.775,0.8250000000000001,124,True,150.02154399799838,/home/as305/PycharmProjects/hdgfem/run_outputs/strategyA_band_study_20260712/runs_coarse_beta_width_shift_wide/beta_wide_a40_50_g0500_dp350_b775_825/terminal.log
beta_wide_a40_50_g1000_dm150_b250_350,1.0,-0.15,0.25000000000000006,0.35000000000000003,124,True,150.04195347100176,/home/as305/PycharmProjects/hdgfem/run_outputs/strategyA_band_study_20260712/runs_coarse_beta_width_shift_wide/beta_wide_a40_50_g1000_dm150_b250_350/terminal.log
beta_wide_a40_50_g1125_dm100_b294_406,1.125,-0.1,0.29375,0.40624999999999994,124,True,150.05291627899715,/home/as305/PycharmProjects/hdgfem/run_outputs/strategyA_band_study_20260712/runs_coarse_beta_width_shift_wide/beta_wide_a40_50_g1125_dm100_b294_406/terminal.log
beta_wide_a40_50_g1250_dm100_b288_412,1.25,-0.1,0.2875,0.4125,124,True,150.0299878789956,/home/as305/PycharmProjects/hdgfem/run_outputs/strategyA_band_study_20260712/runs_coarse_beta_width_shift_wide/beta_wide_a40_50_g1250_dm100_b288_412/terminal.log
beta_wide_a40_50_g1250_dm050_b338_462,1.25,-0.05,0.3375,0.4625,124,True,150.03842889000225,/home/as305/PycharmProjects/hdgfem/run_outputs/strategyA_band_study_20260712/runs_coarse_beta_width_shift_wide/beta_wide_a40_50_g1250_dm050_b338_462/terminal.log
beta_wide_a40_50_g1375_dm050_b331_469,1.375,-0.05,0.33125000000000004,0.46875,124,True,150.06619271800446,/home/as305/PycharmProjects/hdgfem/run_outputs/strategyA_band_study_20260712/runs_coarse_beta_width_shift_wide/beta_wide_a40_50_g1375_dm050_b331_469/terminal.log
beta_wide_a40_50_g1375_dp000_b381_519,1.375,0.0,0.38125000000000003,0.51875,124,True,150.0343598959953,/home/as305/PycharmProjects/hdgfem/run_outputs/strategyA_band_study_20260712/runs_coarse_beta_width_shift_wide/beta_wide_a40_50_g1375_dp000_b381_519/terminal.log
beta_wide_a40_50_g1500_dp050_b425_575,1.5,0.05,0.42500000000000004,0.575,124,True,150.0404290909937,/home/as305/PycharmProjects/hdgfem/run_outputs/strategyA_band_study_20260712/runs_coarse_beta_width_shift_wide/beta_wide_a40_50_g1500_dp050_b425_575/terminal.log
beta_wideext_a40_50_g0875_dp425_b831_919,0.875,0.425,0.83125,0.91875,124,True,150.02093167000567,/home/as305/PycharmProjects/hdgfem/run_outputs/strategyA_band_study_20260712/runs_coarse_beta_width_shift_wide_ext/beta_wideext_a40_50_g0875_dp425_b831_919/terminal.log
beta_wideext_a40_50_g0875_dp450_b856_944,0.875,0.45,0.8562500000000001,0.94375,124,True,150.03041289400426,/home/as305/PycharmProjects/hdgfem/run_outputs/strategyA_band_study_20260712/runs_coarse_beta_width_shift_wide_ext/beta_wideext_a40_50_g0875_dp450_b856_944/terminal.log
beta_wideext_a40_50_g1000_dp425_b825_925,1.0,0.425,0.825,0.925,124,True,150.03756830299972,/home/as305/PycharmProjects/hdgfem/run_outputs/strategyA_band_study_20260712/runs_coarse_beta_width_shift_wide_ext/beta_wideext_a40_50_g1000_dp425_b825_925/terminal.log
beta_wideext_a40_50_g1000_dp450_b850_950,1.0,0.45,0.8500000000000001,0.95,124,True,150.02059388499765,/home/as305/PycharmProjects/hdgfem/run_outputs/strategyA_band_study_20260712/runs_coarse_beta_width_shift_wide_ext/beta_wideext_a40_50_g1000_dp450_b850_950/terminal.log
beta_wideext_a40_50_g1125_dp425_b819_931,1.125,0.425,0.81875,0.93125,124,True,150.02422249200026,/home/as305/PycharmProjects/hdgfem/run_outputs/strategyA_band_study_20260712/runs_coarse_beta_width_shift_wide_ext/beta_wideext_a40_50_g1125_dp425_b819_931/terminal.log
beta_wideext_a40_50_g1125_dp450_b844_956,1.125,0.45,0.84375,0.95625,124,True,150.03067361699505,/home/as305/PycharmProjects/hdgfem/run_outputs/strategyA_band_study_20260712/runs_coarse_beta_width_shift_wide_ext/beta_wideext_a40_50_g1125_dp450_b844_956/terminal.log
beta_wideext_a40_50_g1250_dp425_b812_938,1.25,0.425,0.8125,0.9375,124,True,150.02628900499985,/home/as305/PycharmProjects/hdgfem/run_outputs/strategyA_band_study_20260712/runs_coarse_beta_width_shift_wide_ext/beta_wideext_a40_50_g1250_dp425_b812_938/terminal.log
beta_wideext_a40_50_g1250_dp450_b838_962,1.25,0.45,0.8375,0.9625,124,True,150.05501927099976,/home/as305/PycharmProjects/hdgfem/run_outputs/strategyA_band_study_20260712/runs_coarse_beta_width_shift_wide_ext/beta_wideext_a40_50_g1250_dp450_b838_962/terminal.log
beta_wideext_a40_50_g1375_dp425_b806_944,1.375,0.425,0.80625,0.94375,124,True,150.03407529600372,/home/as305/PycharmProjects/hdgfem/run_outputs/strategyA_band_study_20260712/runs_coarse_beta_width_shift_wide_ext/beta_wideext_a40_50_g1375_dp425_b806_944/terminal.log
beta_wideext_a40_50_g1375_dp450_b831_969,1.375,0.45,0.83125,0.96875,124,True,150.0287550110006,/home/as305/PycharmProjects/hdgfem/run_outputs/strategyA_band_study_20260712/runs_coarse_beta_width_shift_wide_ext/beta_wideext_a40_50_g1375_dp450_b831_969/terminal.log
beta_wideext_a40_50_g1500_dp450_b825_975,1.5,0.45,0.8250000000000001,0.975,124,True,150.028504711001,/home/as305/PycharmProjects/hdgfem/run_outputs/strategyA_band_study_20260712/runs_coarse_beta_width_shift_wide_ext/beta_wideext_a40_50_g1500_dp450_b825_975/terminal.log
